{
	"credit": "Made with Blockbench",
	"parent": "block/block",
	"ambientocclusion": false,
	"textures": {
		"glass": "block/beacon/glass",
		"obsidian": "block/beacon/obsidian",
		"particle": "block/beacon/beacon",
		"beacon": "block/beacon/beacon"
	},
	"elements": [
		{
			"name": "Glass shell",
			"from": [1, 3, 1],
			"to": [15, 16, 15],
			"faces": {
				"north": {"uv": [0, 0, 16, 16], "texture": "#glass"},
				"east": {"uv": [0, 0, 16, 16], "texture": "#glass"},
				"south": {"uv": [0, 0, 16, 16], "texture": "#glass"},
				"west": {"uv": [0, 0, 16, 16], "texture": "#glass"},
				"up": {"uv": [0, 0, 16, 16], "texture": "#glass"},
				"down": {"uv": [7, 4, 8, 5], "texture": "#glass"}
			}
		},
		{
			"name": "Obsidian base",
			"from": [0, 0.1, 0],
			"to": [16, 3, 16],
			"faces": {
				"north": {"uv": [2, 13, 14, 16], "texture": "#obsidian"},
				"east": {"uv": [2, 13, 14, 16], "texture": "#obsidian"},
				"south": {"uv": [2, 13, 14, 16], "texture": "#obsidian"},
				"west": {"uv": [2, 13, 14, 16], "texture": "#obsidian"},
				"up": {"uv": [2, 2, 14, 14], "texture": "#obsidian"},
				"down": {"uv": [2, 2, 14, 14], "texture": "#obsidian"}
			}
		},
		{
			"name": "Inner beacon texture",
			"from": [5.05858, 5.74142, 5.2],
			"to": [10.65858, 11.44142, 10.7],
			"faces": {
				"north": {"uv": [5, 5, 11, 11], "texture": "#beacon"},
				"east": {"uv": [5, 5, 11, 11], "texture": "#beacon"},
				"south": {"uv": [5, 5, 11, 11], "texture": "#beacon"},
				"west": {"uv": [5, 5, 11, 11], "texture": "#beacon"},
				"up": {"uv": [5, 5, 11, 11], "rotation": 270, "texture": "#beacon"},
				"down": {"uv": [5, 5, 11, 11], "rotation": 90, "texture": "#beacon"}
			}
		}
	],
	"display": {
		"thirdperson_righthand": {
			"scale": [0.31641, 0.31641, 0.31641]
		},
		"thirdperson_lefthand": {
			"scale": [0.32031, 0.32031, 0.32031]
		},
		"firstperson_righthand": {
			"translation": [2, 0, 0],
			"scale": [0.51172, 0.51172, 0.51172]
		},
		"firstperson_lefthand": {
			"translation": [1.5, 0, 0],
			"scale": [0.49609, 0.49609, 0.49609]
		},
		"ground": {
			"scale": [0.4043, 0.4043, 0.4043]
		},
		"gui": {
			"rotation": [27.25, 54, 0],
			"scale": [0.58594, 0.58594, 0.58594]
		}
	}
}