{
	"credit": "Made with Blockbench",
	"textures": {
		"0": "block/crafting_table/crafting_table_top",
		"1": "block/crafting_table/crafting_table_front",
		"2": "block/crafting_table/crafting_table_side",
		"3": "block/crafting_table/oak_planks",
		"particle": "block/crafting_table/crafting_table_side"
	},
	"elements": [
		{
			"from": [0.2, 16, 4],
			"to": [1, 16.25, 12],
			"faces": {
				"north": {"uv": [0, 0, 1, 1], "texture": "#0"},
				"east": {"uv": [4, 0, 12, 0.25], "texture": "#0"},
				"south": {"uv": [4, 0, 4.75, 0.25], "texture": "#0"},
				"west": {"uv": [4, 0, 12, 0.25], "texture": "#0"},
				"up": {"uv": [4, 0, 12, 0.75], "rotation": 270, "texture": "#0"},
				"down": {"uv": [4, 0, 12, 0.75], "rotation": 90, "texture": "#0"}
			}
		},
		{
			"from": [4, 16, 15.05],
			"to": [12, 16.25, 15.75],
			"faces": {
				"north": {"uv": [4, 0, 12, 0.25], "texture": "#0"},
				"east": {"uv": [0, 0, 1, 1], "texture": "#0"},
				"south": {"uv": [4, 0, 12, 0.25], "texture": "#0"},
				"west": {"uv": [4, 0, 4.75, 0.25], "texture": "#0"},
				"up": {"uv": [4, 0, 12, 0.75], "texture": "#0"},
				"down": {"uv": [4, 0, 12, 0.75], "texture": "#0"}
			}
		},
		{
			"from": [15.05, 16, 4],
			"to": [15.75, 16.25, 12],
			"faces": {
				"north": {"uv": [0, 0, 1, 1], "texture": "#0"},
				"east": {"uv": [4, 0, 12, 0.25], "texture": "#0"},
				"south": {"uv": [4, 0, 4.75, 0.25], "texture": "#0"},
				"west": {"uv": [4, 0, 12, 0.25], "texture": "#0"},
				"up": {"uv": [4, 0, 12, 0.75], "rotation": 270, "texture": "#0"},
				"down": {"uv": [4, 0, 12, 0.75], "rotation": 90, "texture": "#0"}
			}
		},
		{
			"from": [4, 16, 0.25],
			"to": [12, 16.25, 1],
			"faces": {
				"north": {"uv": [4, 0, 12, 0.25], "texture": "#0"},
				"east": {"uv": [0, 0, 1, 1], "texture": "#0"},
				"south": {"uv": [4, 0, 12, 0.25], "texture": "#0"},
				"west": {"uv": [4, 0, 4.75, 0.25], "texture": "#0"},
				"up": {"uv": [4, 0, 12, 0.75], "texture": "#0"},
				"down": {"uv": [4, 0, 12, 0.75], "texture": "#0"}
			}
		},
		{
			"from": [3, 16, 14],
			"to": [13, 16.5, 15],
			"rotation": {"angle": 0, "axis": "y", "origin": [8, 21, 8]},
			"faces": {
				"north": {"uv": [3, 1, 13, 1.5], "texture": "#0"},
				"east": {"uv": [3, 1, 4, 1.5], "texture": "#0"},
				"south": {"uv": [3, 1, 13, 1.5], "texture": "#0"},
				"west": {"uv": [3, 1, 4, 1.5], "texture": "#0"},
				"up": {"uv": [3, 1, 13, 2], "texture": "#0"},
				"down": {"uv": [0, 0, 1, 1], "texture": "#0"}
			}
		},
		{
			"from": [14, 16, 3],
			"to": [15, 16.5, 13],
			"rotation": {"angle": 0, "axis": "y", "origin": [8, 21, 8]},
			"faces": {
				"north": {"uv": [3, 1, 4, 1.5], "texture": "#0"},
				"east": {"uv": [3, 1, 13, 1.5], "texture": "#0"},
				"south": {"uv": [3, 1, 4, 1.5], "texture": "#0"},
				"west": {"uv": [3, 1, 13, 1.5], "texture": "#0"},
				"up": {"uv": [3, 1, 13, 2], "rotation": 270, "texture": "#0"},
				"down": {"uv": [0, 0, 1, 1], "rotation": 90, "texture": "#0"}
			}
		},
		{
			"from": [3, 16, 1],
			"to": [13, 16.5, 2],
			"faces": {
				"north": {"uv": [3, 1, 13, 1.5], "texture": "#0"},
				"east": {"uv": [3, 1, 4, 1.5], "texture": "#0"},
				"south": {"uv": [3, 1, 13, 1.5], "texture": "#0"},
				"west": {"uv": [3, 1, 4, 1.5], "texture": "#0"},
				"up": {"uv": [3, 1, 13, 2], "texture": "#0"},
				"down": {"uv": [0, 0, 1, 1], "texture": "#0"}
			}
		},
		{
			"from": [1, 16, 3],
			"to": [2, 16.5, 13],
			"faces": {
				"north": {"uv": [3, 1, 4, 1.5], "texture": "#0"},
				"east": {"uv": [3, 1, 13, 1.5], "texture": "#0"},
				"south": {"uv": [3, 1, 4, 1.5], "texture": "#0"},
				"west": {"uv": [3, 1, 13, 1.5], "texture": "#0"},
				"up": {"uv": [3, 1, 13, 2], "rotation": 270, "texture": "#0"},
				"down": {"uv": [0, 0, 1, 1], "rotation": 90, "texture": "#0"}
			}
		},
		{
			"from": [2, 16, 13],
			"to": [14, 16.5, 14],
			"faces": {
				"north": {"uv": [2, 2, 14, 2.5], "texture": "#0"},
				"east": {"uv": [2, 2, 3, 2.5], "texture": "#0"},
				"south": {"uv": [2, 2, 14, 2.5], "texture": "#0"},
				"west": {"uv": [2, 2, 3, 2.5], "texture": "#0"},
				"up": {"uv": [2, 2, 14, 3], "texture": "#0"},
				"down": {"uv": [2, 2, 14, 3], "texture": "#0"}
			}
		},
		{
			"from": [2, 16, 2],
			"to": [14, 16.5, 3],
			"faces": {
				"north": {"uv": [2, 2, 14, 2.5], "texture": "#0"},
				"east": {"uv": [2, 2, 3, 2.5], "texture": "#0"},
				"south": {"uv": [2, 2, 14, 2.5], "texture": "#0"},
				"west": {"uv": [2, 2, 3, 2.5], "texture": "#0"},
				"up": {"uv": [2, 2, 14, 3], "texture": "#0"},
				"down": {"uv": [2, 2, 14, 3], "texture": "#0"}
			}
		},
		{
			"from": [2, 16, 3],
			"to": [14, 16.5, 13],
			"faces": {
				"north": {"uv": [1, 3, 15, 3.5], "texture": "#0"},
				"east": {"uv": [3, 1, 13, 1.5], "texture": "#0"},
				"south": {"uv": [1, 3, 15, 3.5], "texture": "#0"},
				"west": {"uv": [3, 1, 13, 1.5], "texture": "#0"},
				"up": {"uv": [2, 3, 14, 13], "texture": "#0"},
				"down": {"uv": [0, 0, 1, 1], "texture": "#0"}
			}
		},
		{
			"from": [0, 0, 0],
			"to": [16, 16, 16],
			"faces": {
				"north": {"uv": [0, 0, 16, 16], "texture": "#1"},
				"east": {"uv": [0, 0, 16, 16], "texture": "#2"},
				"south": {"uv": [0, 0, 16, 16], "texture": "#1"},
				"west": {"uv": [0, 0, 16, 16], "texture": "#2"},
				"up": {"uv": [0, 0, 16, 16], "texture": "#0"},
				"down": {"uv": [0, 0, 16, 16], "texture": "#3"}
			}
		},
		{
			"from": [12, 7, -0.75],
			"to": [13, 11, 0],
			"faces": {
				"north": {"uv": [3, 5, 4, 9], "texture": "#1"},
				"east": {"uv": [3, 5, 4, 9], "texture": "#1"},
				"south": {"uv": [3, 5, 4, 9], "texture": "#1"},
				"west": {"uv": [3, 5, 4, 9], "texture": "#1"},
				"up": {"uv": [3, 5, 4, 6], "texture": "#1"},
				"down": {"uv": [3, 5, 4, 6], "texture": "#1"}
			}
		},
		{
			"from": [11, 5, -0.75],
			"to": [14, 7, 0],
			"faces": {
				"north": {"uv": [2, 9, 5, 11], "texture": "#1"},
				"east": {"uv": [2, 9, 3, 11], "texture": "#1"},
				"south": {"uv": [2, 9, 5, 11], "texture": "#1"},
				"west": {"uv": [4, 9, 5, 11], "texture": "#1"},
				"up": {"uv": [2, 9, 5, 10], "texture": "#1"},
				"down": {"uv": [2, 10, 5, 11], "texture": "#1"}
			}
		},
		{
			"from": [2, 11, -0.75],
			"to": [3, 12, 0],
			"faces": {
				"north": {"uv": [0, 0, 1, 1], "texture": "#1"},
				"east": {"uv": [11, 4, 12, 5], "texture": "#1"},
				"south": {"uv": [11, 4, 12, 5], "texture": "#1"},
				"west": {"uv": [11, 5, 12, 6], "texture": "#1"},
				"up": {"uv": [13, 4, 14, 5], "texture": "#1"},
				"down": {"uv": [11, 4, 12, 5], "texture": "#1"}
			}
		},
		{
			"from": [4, 11, -0.75],
			"to": [5, 12, 0],
			"faces": {
				"north": {"uv": [0, 0, 1, 1], "texture": "#1"},
				"east": {"uv": [11, 4, 12, 5], "texture": "#1"},
				"south": {"uv": [11, 4, 12, 5], "texture": "#1"},
				"west": {"uv": [11, 5, 12, 6], "texture": "#1"},
				"up": {"uv": [13, 4, 14, 5], "texture": "#1"},
				"down": {"uv": [11, 4, 12, 5], "texture": "#1"}
			}
		},
		{
			"from": [2, 3, -0.75],
			"to": [3, 5, 0],
			"faces": {
				"north": {"uv": [13, 11, 14, 13], "texture": "#1"},
				"east": {"uv": [13, 11, 14, 13], "texture": "#1"},
				"south": {"uv": [13, 11, 14, 13], "texture": "#1"},
				"west": {"uv": [13, 11, 14, 13], "texture": "#1"},
				"up": {"uv": [13, 11, 14, 12], "texture": "#1"},
				"down": {"uv": [13, 12, 14, 13], "texture": "#1"}
			}
		},
		{
			"from": [2, 5, -0.75],
			"to": [4, 7, 0],
			"faces": {
				"north": {"uv": [12, 9, 14, 11], "texture": "#1"},
				"east": {"uv": [12, 9, 13, 11], "texture": "#1"},
				"south": {"uv": [12, 9, 14, 11], "texture": "#1"},
				"west": {"uv": [13, 9, 14, 11], "texture": "#1"},
				"up": {"uv": [0, 0, 1, 1], "texture": "#1"},
				"down": {"uv": [12, 10, 14, 11], "texture": "#1"}
			}
		},
		{
			"from": [2, 7, -0.75],
			"to": [5, 11, 0],
			"faces": {
				"north": {"uv": [11, 5, 14, 9], "texture": "#1"},
				"east": {"uv": [11, 5, 12, 9], "texture": "#1"},
				"south": {"uv": [11, 5, 14, 9], "texture": "#1"},
				"west": {"uv": [13, 5, 14, 9], "texture": "#1"},
				"up": {"uv": [11, 5, 14, 6], "texture": "#1"},
				"down": {"uv": [11, 8, 14, 9], "texture": "#1"}
			}
		},
		{
			"from": [2, 12, -0.75],
			"to": [5, 13, 0],
			"faces": {
				"north": {"uv": [11, 3, 14, 4], "texture": "#1"},
				"east": {"uv": [11, 3, 12, 4], "texture": "#1"},
				"south": {"uv": [11, 3, 14, 4], "texture": "#1"},
				"west": {"uv": [12, 3, 13, 4], "texture": "#1"},
				"up": {"uv": [11, 3, 14, 4], "texture": "#1"},
				"down": {"uv": [11, 3, 14, 4], "texture": "#1"}
			}
		},
		{
			"from": [3, 7, 16],
			"to": [4, 11, 16.75],
			"rotation": {"angle": 0, "axis": "y", "origin": [8, 8, 25]},
			"faces": {
				"north": {"uv": [4, 5, 3, 9], "texture": "#1"},
				"east": {"uv": [4, 5, 3, 9], "texture": "#1"},
				"south": {"uv": [4, 5, 3, 9], "texture": "#1"},
				"west": {"uv": [4, 5, 3, 9], "texture": "#1"},
				"up": {"uv": [4, 5, 3, 6], "texture": "#1"},
				"down": {"uv": [4, 5, 3, 6], "texture": "#1"}
			}
		},
		{
			"from": [2, 5, 16],
			"to": [5, 7, 16.75],
			"rotation": {"angle": 0, "axis": "y", "origin": [8, 8, 25]},
			"faces": {
				"north": {"uv": [5, 9, 2, 11], "texture": "#1"},
				"east": {"uv": [5, 9, 4, 11], "texture": "#1"},
				"south": {"uv": [5, 9, 2, 11], "texture": "#1"},
				"west": {"uv": [3, 9, 2, 11], "texture": "#1"},
				"up": {"uv": [5, 9, 2, 10], "texture": "#1"},
				"down": {"uv": [5, 10, 2, 11], "texture": "#1"}
			}
		},
		{
			"from": [13, 11, 16],
			"to": [14, 12, 16.75],
			"rotation": {"angle": 0, "axis": "y", "origin": [8, 8, 25]},
			"faces": {
				"north": {"uv": [1, 0, 0, 1], "texture": "#1"},
				"east": {"uv": [12, 5, 11, 6], "texture": "#1"},
				"south": {"uv": [12, 4, 11, 5], "texture": "#1"},
				"west": {"uv": [12, 4, 11, 5], "texture": "#1"},
				"up": {"uv": [14, 4, 13, 5], "texture": "#1"},
				"down": {"uv": [12, 4, 11, 5], "texture": "#1"}
			}
		},
		{
			"from": [11, 11, 16],
			"to": [12, 12, 16.75],
			"rotation": {"angle": 0, "axis": "y", "origin": [8, 8, 25]},
			"faces": {
				"north": {"uv": [1, 0, 0, 1], "texture": "#1"},
				"east": {"uv": [12, 5, 11, 6], "texture": "#1"},
				"south": {"uv": [12, 4, 11, 5], "texture": "#1"},
				"west": {"uv": [12, 4, 11, 5], "texture": "#1"},
				"up": {"uv": [14, 4, 13, 5], "texture": "#1"},
				"down": {"uv": [12, 4, 11, 5], "texture": "#1"}
			}
		},
		{
			"from": [13, 3, 16],
			"to": [14, 5, 16.75],
			"rotation": {"angle": 0, "axis": "y", "origin": [8, 8, 25]},
			"faces": {
				"north": {"uv": [14, 11, 13, 13], "texture": "#1"},
				"east": {"uv": [14, 11, 13, 13], "texture": "#1"},
				"south": {"uv": [14, 11, 13, 13], "texture": "#1"},
				"west": {"uv": [14, 11, 13, 13], "texture": "#1"},
				"up": {"uv": [14, 11, 13, 12], "texture": "#1"},
				"down": {"uv": [14, 12, 13, 13], "texture": "#1"}
			}
		},
		{
			"from": [12, 5, 16],
			"to": [14, 7, 16.75],
			"rotation": {"angle": 0, "axis": "y", "origin": [8, 8, 25]},
			"faces": {
				"north": {"uv": [14, 9, 12, 11], "texture": "#1"},
				"east": {"uv": [14, 9, 13, 11], "texture": "#1"},
				"south": {"uv": [14, 9, 12, 11], "texture": "#1"},
				"west": {"uv": [13, 9, 12, 11], "texture": "#1"},
				"up": {"uv": [1, 0, 0, 1], "texture": "#1"},
				"down": {"uv": [14, 10, 12, 11], "texture": "#1"}
			}
		},
		{
			"from": [11, 7, 16],
			"to": [14, 11, 16.75],
			"rotation": {"angle": 0, "axis": "y", "origin": [8, 8, 25]},
			"faces": {
				"north": {"uv": [14, 5, 11, 9], "texture": "#1"},
				"east": {"uv": [14, 5, 13, 9], "texture": "#1"},
				"south": {"uv": [14, 5, 11, 9], "texture": "#1"},
				"west": {"uv": [12, 5, 11, 9], "texture": "#1"},
				"up": {"uv": [14, 5, 11, 6], "texture": "#1"},
				"down": {"uv": [14, 8, 11, 9], "texture": "#1"}
			}
		},
		{
			"from": [11, 12, 16],
			"to": [14, 13, 16.75],
			"rotation": {"angle": 0, "axis": "y", "origin": [8, 8, 25]},
			"faces": {
				"north": {"uv": [14, 3, 11, 4], "texture": "#1"},
				"east": {"uv": [13, 3, 12, 4], "texture": "#1"},
				"south": {"uv": [14, 3, 11, 4], "texture": "#1"},
				"west": {"uv": [12, 3, 11, 4], "texture": "#1"},
				"up": {"uv": [14, 3, 11, 4], "texture": "#1"},
				"down": {"uv": [14, 3, 11, 4], "texture": "#1"}
			}
		},
		{
			"from": [-0.75, 6, 3],
			"to": [0, 8, 4],
			"faces": {
				"north": {"uv": [3, 8, 4, 10], "texture": "#2"},
				"east": {"uv": [3, 8, 4, 10], "texture": "#2"},
				"south": {"uv": [3, 8, 4, 10], "texture": "#2"},
				"west": {"uv": [3, 8, 4, 10], "texture": "#2"},
				"up": {"uv": [3, 8, 4, 9], "texture": "#2"},
				"down": {"uv": [5, 9, 6, 10], "texture": "#2"}
			}
		},
		{
			"from": [-0.75, 6, 5],
			"to": [0, 8, 6],
			"faces": {
				"north": {"uv": [3, 8, 4, 10], "texture": "#2"},
				"east": {"uv": [3, 8, 4, 10], "texture": "#2"},
				"south": {"uv": [3, 8, 4, 10], "texture": "#2"},
				"west": {"uv": [3, 8, 4, 10], "texture": "#2"},
				"up": {"uv": [3, 8, 4, 9], "texture": "#2"},
				"down": {"uv": [5, 9, 6, 10], "texture": "#2"}
			}
		},
		{
			"from": [-0.75, 8, 4],
			"to": [0, 9, 5],
			"faces": {
				"north": {"uv": [3, 8, 4, 10], "texture": "#2"},
				"east": {"uv": [3, 8, 4, 10], "texture": "#2"},
				"south": {"uv": [3, 8, 4, 10], "texture": "#2"},
				"west": {"uv": [3, 8, 4, 10], "texture": "#2"},
				"up": {"uv": [3, 8, 4, 9], "texture": "#2"},
				"down": {"uv": [5, 9, 6, 10], "texture": "#2"}
			}
		},
		{
			"from": [-0.75, 9, 3],
			"to": [0, 11, 4],
			"faces": {
				"north": {"uv": [3, 5, 4, 7], "texture": "#2"},
				"east": {"uv": [3, 5, 4, 7], "texture": "#2"},
				"south": {"uv": [3, 5, 4, 7], "texture": "#2"},
				"west": {"uv": [3, 5, 4, 7], "texture": "#2"},
				"up": {"uv": [3, 5, 4, 6], "texture": "#2"},
				"down": {"uv": [3, 5, 4, 6], "texture": "#2"}
			}
		},
		{
			"from": [-0.75, 9, 5],
			"to": [0, 11, 6],
			"faces": {
				"north": {"uv": [3, 5, 4, 7], "texture": "#2"},
				"east": {"uv": [3, 5, 4, 7], "texture": "#2"},
				"south": {"uv": [3, 5, 4, 7], "texture": "#2"},
				"west": {"uv": [3, 5, 4, 7], "texture": "#2"},
				"up": {"uv": [3, 5, 4, 6], "texture": "#2"},
				"down": {"uv": [3, 5, 4, 6], "texture": "#2"}
			}
		},
		{
			"from": [16, 6, 10],
			"to": [16.75, 8, 11],
			"rotation": {"angle": 0, "axis": "y", "origin": [25, 8, 15]},
			"faces": {
				"north": {"uv": [3, 8, 4, 10], "texture": "#2"},
				"east": {"uv": [3, 8, 4, 10], "texture": "#2"},
				"south": {"uv": [3, 8, 4, 10], "texture": "#2"},
				"west": {"uv": [3, 8, 4, 10], "texture": "#2"},
				"up": {"uv": [3, 8, 4, 9], "texture": "#2"},
				"down": {"uv": [5, 9, 6, 10], "texture": "#2"}
			}
		},
		{
			"from": [16, 6, 12],
			"to": [16.75, 8, 13],
			"rotation": {"angle": 0, "axis": "y", "origin": [25, 8, 15]},
			"faces": {
				"north": {"uv": [3, 8, 4, 10], "texture": "#2"},
				"east": {"uv": [3, 8, 4, 10], "texture": "#2"},
				"south": {"uv": [3, 8, 4, 10], "texture": "#2"},
				"west": {"uv": [3, 8, 4, 10], "texture": "#2"},
				"up": {"uv": [3, 8, 4, 9], "texture": "#2"},
				"down": {"uv": [5, 9, 6, 10], "texture": "#2"}
			}
		},
		{
			"from": [16, 8, 11],
			"to": [16.75, 9, 12],
			"rotation": {"angle": 0, "axis": "x", "origin": [25, 8, 15]},
			"faces": {
				"north": {"uv": [3, 8, 4, 10], "texture": "#2"},
				"east": {"uv": [3, 8, 4, 10], "texture": "#2"},
				"south": {"uv": [3, 8, 4, 10], "texture": "#2"},
				"west": {"uv": [3, 8, 4, 10], "texture": "#2"},
				"up": {"uv": [3, 8, 4, 9], "texture": "#2"},
				"down": {"uv": [5, 9, 6, 10], "texture": "#2"}
			}
		},
		{
			"from": [16, 9, 10],
			"to": [16.75, 11, 11],
			"rotation": {"angle": 0, "axis": "y", "origin": [25, 8, 15]},
			"faces": {
				"north": {"uv": [3, 5, 4, 7], "texture": "#2"},
				"east": {"uv": [3, 5, 4, 7], "texture": "#2"},
				"south": {"uv": [3, 5, 4, 7], "texture": "#2"},
				"west": {"uv": [3, 5, 4, 7], "texture": "#2"},
				"up": {"uv": [3, 5, 4, 6], "texture": "#2"},
				"down": {"uv": [3, 5, 4, 6], "texture": "#2"}
			}
		},
		{
			"from": [16, 9, 12],
			"to": [16.75, 11, 13],
			"rotation": {"angle": 0, "axis": "y", "origin": [25, 8, 15]},
			"faces": {
				"north": {"uv": [3, 5, 4, 7], "texture": "#2"},
				"east": {"uv": [3, 5, 4, 7], "texture": "#2"},
				"south": {"uv": [3, 5, 4, 7], "texture": "#2"},
				"west": {"uv": [3, 5, 4, 7], "texture": "#2"},
				"up": {"uv": [3, 5, 4, 6], "texture": "#2"},
				"down": {"uv": [3, 5, 4, 6], "texture": "#2"}
			}
		}
	],
	"display": {
		"thirdperson_righthand": {
			"scale": [0.23242, 0.23242, 0.23242]
		},
		"thirdperson_lefthand": {
			"scale": [0.22852, 0.22852, 0.22852]
		},
		"firstperson_righthand": {
			"translation": [2.5, 0, 0],
			"scale": [0.44141, 0.44141, 0.44141]
		},
		"firstperson_lefthand": {
			"translation": [2.5, 0, 0],
			"scale": [0.43945, 0.43945, 0.43945]
		},
		"ground": {
			"translation": [0, 2.25, 0],
			"scale": [0.32617, 0.32617, 0.32617]
		},
		"gui": {
			"rotation": [26.5, 50, 0],
			"scale": [0.60547, 0.60547, 0.60547]
		},
		"fixed": {
			"scale": [0.72656, 0.72656, 0.72656]
		}
	},
	"groups": [
		{
			"name": "group",
			"origin": [8, 8, 8],
			"children": [0, 1, 2, 3, 4, 5, 6, 7, 8, 9, 10, 11]
		},
		{
			"name": "group",
			"origin": [8, 8, 8],
			"children": [12, 13, 14, 15, 16, 17, 18, 19]
		},
		{
			"name": "group",
			"origin": [8, 8, 8],
			"children": [20, 21, 22, 23, 24, 25, 26, 27]
		},
		{
			"name": "group",
			"origin": [8, 8, 8],
			"children": [28, 29, 30, 31, 32]
		},
		{
			"name": "group",
			"origin": [8, 8, 8],
			"children": [33, 34, 35, 36, 37]
		}
	]
}