{
	"credit": "Made with Blockbench",
	"ambientocclusion": false,
	"textures": {
		"particle": "block/iron_bars_texture"
	},
	"elements": [
		{
			"from": [7, 0, 7],
			"to": [9, 16, 9],
			"faces": {
				"north": {"uv": [5, 0, 7, 16], "texture": "#particle"},
				"east": {"uv": [0, 0, 2, 16], "texture": "#particle"},
				"south": {"uv": [3, 0, 5, 16], "texture": "#particle"},
				"west": {"uv": [0, 0, 2, 16], "texture": "#particle"},
				"up": {"uv": [0, 0, 2, 2], "texture": "#particle"},
				"down": {"uv": [0, 0, 2, 2], "texture": "#particle"}
			}
		}
	]
}