{
	"credit": "Made with Blockbench",
	"parent": "item_frame",
	"textures": {
		"1": "block/itemframe",
		"2": "block/iron_bars_texture",
		"particle": "block/itemframe"
	},
	"elements": [
		{
			"name": "itemframe_10",
			"from": [7.25, 9, 15.55],
			"to": [8.75, 9.9, 16],
			"faces": {
				"north": {"uv": [7, 9, 8, 10], "rotation": 180, "texture": "#2"},
				"east": {"uv": [7, 9, 8, 10], "rotation": 180, "texture": "#2"},
				"south": {"uv": [7, 10, 8, 9], "texture": "#2"},
				"west": {"uv": [7, 9, 8, 10], "rotation": 180, "texture": "#2"},
				"up": {"uv": [7, 9, 8, 10], "texture": "#2"},
				"down": {"uv": [8, 9, 7, 10], "rotation": 180, "texture": "#2"}
			}
		},
		{
			"name": "itemframe_11",
			"from": [7.55, 8.1, 15.55],
			"to": [8.45, 9, 16],
			"faces": {
				"north": {"uv": [7, 9, 8, 10], "rotation": 180, "texture": "#2"},
				"east": {"uv": [7, 9, 8, 10], "rotation": 180, "texture": "#2"},
				"south": {"uv": [7, 10, 8, 9], "texture": "#2"},
				"west": {"uv": [7, 9, 8, 10], "rotation": 180, "texture": "#2"},
				"up": {"uv": [7, 9, 8, 10], "texture": "#2"},
				"down": {"uv": [8, 9, 7, 10], "rotation": 180, "texture": "#2"}
			}
		},
		{
			"name": "itemframe_12",
			"from": [7.75, 8.1, 15.25],
			"to": [8.25, 8.6, 15.55],
			"faces": {
				"north": {"uv": [7, 9, 8, 10], "rotation": 180, "texture": "#1"},
				"east": {"uv": [7, 9, 8, 10], "rotation": 180, "texture": "#1"},
				"south": {"uv": [7, 10, 8, 9], "texture": "#1"},
				"west": {"uv": [7, 9, 8, 10], "rotation": 180, "texture": "#1"},
				"up": {"uv": [7, 9, 8, 10], "texture": "#1"},
				"down": {"uv": [8, 9, 7, 10], "rotation": 180, "texture": "#1"}
			}
		},
		{
			"name": "itemframe_13",
			"from": [7.75, 8.1, 15.15],
			"to": [8.25, 8.9, 15.25],
			"faces": {
				"north": {"uv": [7, 8, 8, 9], "rotation": 180, "texture": "#1"},
				"east": {"uv": [7, 8, 8, 9], "rotation": 180, "texture": "#1"},
				"south": {"uv": [7, 9, 8, 8], "texture": "#1"},
				"west": {"uv": [7, 7, 8, 8], "rotation": 180, "texture": "#1"},
				"up": {"uv": [7, 8, 8, 9], "texture": "#1"},
				"down": {"uv": [8, 8, 7, 9], "rotation": 180, "texture": "#1"}
			}
		}
	],
	"groups": [
		{
			"name": "itemframe",
			"origin": [8, 8, 8],
			"children": [0, 1, 2, 3]
		}
	]
}