{
    "__comment": "Model generated using MrCrayfish's Model Creator (https://mrcrayfish.com/tools?id=mc)",
    "textures": {
        "particle": "minecraft:block/ladder",
        "ladder": "minecraft:block/ladder"
    },
    "display": {
        "gui": {
            "rotation": [ 30, 45, 0 ],
            "translation": [ 0, 0, 0 ],
            "scale": [ 0.625, 0.625, 0.625 ]
        },
        "ground": {
            "rotation": [ 0, 0, 0 ],
            "translation": [ 0, 3, 0 ],
            "scale": [ 0.25, 0.25, 0.25 ]
        },
        "fixed": {
            "rotation": [ 0, 180, 0 ],
            "translation": [ 0, 0, 0 ],
            "scale": [ 1, 1, 1 ]
        },
        "head": {
            "rotation": [ 0, 180, 0 ],
            "translation": [ 0, 0, 0 ],
            "scale": [ 1, 1, 1 ]
        },
        "firstperson_righthand": {
            "rotation": [ 0, 315, 0 ],
            "translation": [ 0, 2.5, 0 ],
            "scale": [ 0.4, 0.4, 0.4 ]
        },
        "thirdperson_righthand": {
            "rotation": [ 75, 315, 0 ],
            "translation": [ 0, 2.5, 0 ],
            "scale": [ 0.375, 0.375, 0.375 ]
        }
    },
    "elements": [
        {
            "name": "Cube",
            "from": [ 1, 0, 15 ], 
            "to": [ 3, 16, 16 ], 
            "faces": {
                "north": { "texture": "#ladder", "uv": [ 2, 0, 4, 16 ] },
                "east": { "texture": "#ladder", "uv": [ 2, 0, 3, 16 ] },
                "south": { "texture": "#ladder", "uv": [ 2, 0, 4, 16 ] },
                "west": { "texture": "#ladder", "uv": [ 2, 0, 3, 16 ] },
                "up": { "texture": "#ladder", "uv": [ 2, 0, 4, 1 ] },
                "down": { "texture": "#ladder", "uv": [ 2, 15, 4, 16 ] }
            }
        },
        {
            "name": "Cube",
            "from": [ 13, 0, 15 ], 
            "to": [ 15, 16, 16 ], 
            "faces": {
                "north": { "texture": "#ladder", "uv": [ 12, 0, 14, 16 ] },
                "east": { "texture": "#ladder", "uv": [ 13, 0, 14, 16 ] },
                "south": { "texture": "#ladder", "uv": [ 12, 0, 14, 16 ] },
                "west": { "texture": "#ladder", "uv": [ 12, 0, 13, 16 ] },
                "up": { "texture": "#ladder", "uv": [ 12, 0, 14, 1 ] },
                "down": { "texture": "#ladder", "uv": [ 12, 15, 14, 16 ] }
            }
        },
        {
            "name": "Cube",
            "from": [ 3, 1, 15 ], 
            "to": [ 13, 3, 16 ], 
            "faces": {
                "north": { "texture": "#ladder", "uv": [ 3, 13, 13, 15 ] },
                "south": { "texture": "#ladder", "uv": [ 3, 13, 13, 15 ] },
                "up": { "texture": "#ladder", "uv": [ 3, 13, 13, 14 ] },
                "down": { "texture": "#ladder", "uv": [ 3, 14, 13, 15 ] }
            }
        },
        {
            "name": "Cube",
            "from": [ 3, 5, 15 ], 
            "to": [ 13, 7, 16 ], 
            "faces": {
                "north": { "texture": "#ladder", "uv": [ 3, 9, 13, 11 ] },
                "south": { "texture": "#ladder", "uv": [ 3, 9, 13, 11 ] },
                "up": { "texture": "#ladder", "uv": [ 3, 9, 13, 10 ] },
                "down": { "texture": "#ladder", "uv": [ 3, 10, 13, 11 ] }
            }
        },
        {
            "name": "Cube",
            "from": [ 3, 9, 15 ], 
            "to": [ 13, 11, 16 ], 
            "faces": {
                "north": { "texture": "#ladder", "uv": [ 3, 5, 13, 7 ] },
                "south": { "texture": "#ladder", "uv": [ 3, 5, 13, 7 ] },
                "up": { "texture": "#ladder", "uv": [ 3, 5, 13, 6 ] },
                "down": { "texture": "#ladder", "uv": [ 3, 6, 13, 7 ] }
            }
        },
        {
            "name": "Cube",
            "from": [ 3, 13, 15 ], 
            "to": [ 13, 15, 16 ], 
            "faces": {
                "north": { "texture": "#ladder", "uv": [ 3, 1, 13, 3 ] },
                "south": { "texture": "#ladder", "uv": [ 3, 1, 13, 3 ] },
                "up": { "texture": "#ladder", "uv": [ 3, 1, 13, 2 ] },
                "down": { "texture": "#ladder", "uv": [ 3, 2, 13, 3 ] }
            }
        },
        {
            "name": "Cube",
            "from": [ 0, 1, 15 ], 
            "to": [ 1, 3, 16 ], 
            "faces": {
                "north": { "texture": "#ladder", "uv": [ 1, 13, 2, 15 ] },
                "south": { "texture": "#ladder", "uv": [ 1, 13, 2, 15 ] },
                "west": { "texture": "#ladder", "uv": [ 1, 13, 2, 15 ] },
                "up": { "texture": "#ladder", "uv": [ 1, 13, 2, 14 ] },
                "down": { "texture": "#ladder", "uv": [ 1, 14, 2, 15 ] }
            }
        },
        {
            "name": "Cube",
            "from": [ 0, 5, 15 ], 
            "to": [ 1, 7, 16 ], 
            "faces": {
                "north": { "texture": "#ladder", "uv": [ 1, 9, 2, 11 ] },
                "south": { "texture": "#ladder", "uv": [ 1, 9, 2, 11 ] },
                "west": { "texture": "#ladder", "uv": [ 1, 9, 2, 11 ] },
                "up": { "texture": "#ladder", "uv": [ 1, 9, 2, 10 ] },
                "down": { "texture": "#ladder", "uv": [ 1, 10, 2, 11 ] }
            }
        },
        {
            "name": "Cube",
            "from": [ 0, 9, 15 ], 
            "to": [ 1, 11, 16 ], 
            "faces": {
                "north": { "texture": "#ladder", "uv": [ 1, 5, 2, 7 ] },
                "south": { "texture": "#ladder", "uv": [ 1, 5, 2, 7 ] },
                "west": { "texture": "#ladder", "uv": [ 1, 5, 2, 7 ] },
                "up": { "texture": "#ladder", "uv": [ 1, 5, 2, 6 ] },
                "down": { "texture": "#ladder", "uv": [ 1, 5, 2, 6 ] }
            }
        },
        {
            "name": "Cube",
            "from": [ 0, 13, 15 ], 
            "to": [ 1, 15, 16 ], 
            "faces": {
                "north": { "texture": "#ladder", "uv": [ 1, 1, 2, 3 ] },
                "south": { "texture": "#ladder", "uv": [ 1, 1, 2, 3 ] },
                "west": { "texture": "#ladder", "uv": [ 1, 1, 2, 3 ] },
                "up": { "texture": "#ladder", "uv": [ 1, 1, 2, 2 ] },
                "down": { "texture": "#ladder", "uv": [ 1, 2, 2, 3 ] }
            }
        },
        {
            "name": "Cube",
            "from": [ 15, 13, 15 ], 
            "to": [ 16, 15, 16 ], 
            "faces": {
                "north": { "texture": "#ladder", "uv": [ 14, 1, 15, 3 ] },
                "east": { "texture": "#ladder", "uv": [ 14, 1, 15, 3 ] },
                "south": { "texture": "#ladder", "uv": [ 14, 1, 15, 3 ] },
                "up": { "texture": "#ladder", "uv": [ 14, 1, 15, 2 ] },
                "down": { "texture": "#ladder", "uv": [ 14, 2, 15, 3 ] }
            }
        },
        {
            "name": "Cube",
            "from": [ 15, 9, 15 ], 
            "to": [ 16, 11, 16 ], 
            "faces": {
                "north": { "texture": "#ladder", "uv": [ 14, 5, 15, 7 ] },
                "east": { "texture": "#ladder", "uv": [ 14, 5, 15, 7 ] },
                "south": { "texture": "#ladder", "uv": [ 14, 5, 15, 7 ] },
                "up": { "texture": "#ladder", "uv": [ 14, 5, 15, 6 ] },
                "down": { "texture": "#ladder", "uv": [ 14, 6, 15, 7 ] }
            }
        },
        {
            "name": "Cube",
            "from": [ 15, 5, 15 ], 
            "to": [ 16, 7, 16 ], 
            "faces": {
                "north": { "texture": "#ladder", "uv": [ 14, 9, 15, 11 ] },
                "east": { "texture": "#ladder", "uv": [ 14, 9, 15, 11 ] },
                "south": { "texture": "#ladder", "uv": [ 14, 9, 15, 11 ] },
                "up": { "texture": "#ladder", "uv": [ 14, 9, 15, 10 ] },
                "down": { "texture": "#ladder", "uv": [ 14, 9, 15, 10 ] }
            }
        },
        {
            "name": "Cube",
            "from": [ 15, 1, 15 ], 
            "to": [ 16, 3, 16 ], 
            "faces": {
                "north": { "texture": "#ladder", "uv": [ 14, 13, 15, 15 ] },
                "east": { "texture": "#ladder", "uv": [ 14, 13, 15, 15 ] },
                "south": { "texture": "#ladder", "uv": [ 14, 13, 15, 15 ] },
                "up": { "texture": "#ladder", "uv": [ 14, 13, 15, 14 ] },
                "down": { "texture": "#ladder", "uv": [ 14, 14, 15, 15 ] }
            }
        }
    ]
}