{
	"format_version": "1.12.0",
	"minecraft:geometry": [
		{
			"description": {
				"identifier": "geometry.slime",
				"texture_width": 64,
				"texture_height": 32,
				"visible_bounds_width": 5,
				"visible_bounds_height": 2,
				"visible_bounds_offset": [0, 0, 0]
			},
			"bones": [
				{
					"name": "body",
					"pivot": [0, 0, 0],
					"cubes": [
						{
							"origin": [-3, 1, -3],
							"size": [6, 6, 6],
							"uv": {
								"north": {"uv": [6, 22], "uv_size": [6, 6]},
								"east": {"uv": [0, 22], "uv_size": [6, 6]},
								"south": {"uv": [18, 22], "uv_size": [6, 6]},
								"west": {"uv": [12, 22], "uv_size": [6, 6]},
								"up": {"uv": [6, 16], "uv_size": [6, 6]},
								"down": {"uv": [12, 22], "uv_size": [6, -6]}
							}
						},
						{
							"origin": [-3.3, 4, -3.5],
							"size": [2, 2, 2],
							"uv": {
								"north": {"uv": [34, 2], "uv_size": [2, 2]},
								"east": {"uv": [32, 2], "uv_size": [2, 2]},
								"south": {"uv": [38, 2], "uv_size": [2, 2]},
								"west": {"uv": [36, 2], "uv_size": [2, 2]},
								"up": {"uv": [34, 0], "uv_size": [2, 2]},
								"down": {"uv": [36, 2], "uv_size": [2, -2]}
							}
						},
						{
							"origin": [1.3, 4, -3.5],
							"size": [2, 2, 2],
							"uv": {
								"north": {"uv": [34, 6], "uv_size": [2, 2]},
								"east": {"uv": [32, 6], "uv_size": [2, 2]},
								"south": {"uv": [38, 6], "uv_size": [2, 2]},
								"west": {"uv": [36, 6], "uv_size": [2, 2]},
								"up": {"uv": [34, 4], "uv_size": [2, 2]},
								"down": {"uv": [36, 6], "uv_size": [2, -2]}
							}
						},
						{
							"origin": [0, 2, -3.5],
							"size": [1, 1, 1],
							"uv": {
								"north": {"uv": [33, 9], "uv_size": [1, 1]},
								"east": {"uv": [32, 9], "uv_size": [1, 1]},
								"south": {"uv": [35, 9], "uv_size": [1, 1]},
								"west": {"uv": [34, 9], "uv_size": [1, 1]},
								"up": {"uv": [33, 8], "uv_size": [1, 1]},
								"down": {"uv": [34, 9], "uv_size": [1, -1]}
							}
						},
						{
							"origin": [-4, 0, -4],
							"size": [8, 8, 8],
							"uv": {
								"north": {"uv": [8, 8], "uv_size": [8, 8]},
								"east": {"uv": [0, 8], "uv_size": [8, 8]},
								"south": {"uv": [24, 8], "uv_size": [8, 8]},
								"west": {"uv": [16, 8], "uv_size": [8, 8]},
								"up": {"uv": [8, 0], "uv_size": [8, 8]},
								"down": {"uv": [16, 8], "uv_size": [8, -8]}
							}
						}
					]
				},
				{
					"name": "hitbox",
					"pivot": [0, 4, 0],
					"cubes": [
						{
							"origin": [-4, 0, -4],
							"size": [8, 8, 8],
							"uv": {}
						}
					]
				}
			]
		}
	]
}