{
	"format_version": "1.12.0",
	"minecraft:geometry": [
		{
			"description": {
				"identifier": "geometry.unknown",
				"texture_width": 16,
				"texture_height": 16,
				"visible_bounds_width": 2,
				"visible_bounds_height": 2,
				"visible_bounds_offset": [0, 0, 0]
			},
			"bones": [
				{
					"name": "hitbox",
					"pivot": [0, 16.5, 0],
					"cubes": [
						{
							"origin": [-5, 0, -5],
							"size": [10, 18, 10],
							"uv": {}
						}
					]
				},
				{
					"name": "torso",
					"pivot": [0, 10.34286, 0.13571],
					"cubes": [
						{
							"origin": [-2.75, 5.75, -1.6],
							"size": [5.5, 5.7, 3.5],
							"uv": {
								"north": {"uv": [4, 2], "uv_size": [8, 10]},
								"east": {"uv": [0, 5], "uv_size": [3, 5]},
								"south": {"uv": [2, 2], "uv_size": [12, 12]},
								"west": {"uv": [8, 5], "uv_size": [3, 5]},
								"up": {"uv": [3, 2], "uv_size": [5, 3]},
								"down": {"uv": [8, 5], "uv_size": [5, -3]}
							}
						},
						{
							"origin": [-2.55, 8.65, -0.8],
							"size": [5.1, 5.7, 3.2],
							"uv": {
								"north": {"uv": [4, 2], "uv_size": [8, 10]},
								"east": {"uv": [0, 5], "uv_size": [3, 5]},
								"south": {"uv": [2, 2], "uv_size": [12, 8]},
								"west": {"uv": [8, 5], "uv_size": [3, 5]},
								"up": {"uv": [3, 2], "uv_size": [5, 3]},
								"down": {"uv": [8, 5], "uv_size": [5, -3]}
							}
						}
					]
				},
				{
					"name": "h_head",
					"parent": "torso",
					"pivot": [-0.05, 14.15, 0],
					"cubes": [
						{
							"origin": [-1.2, 16.25, -2.2],
							"size": [1, 0.5, 1],
							"uv": {
								"north": {"uv": [6, 11], "uv_size": [4, 2.5]},
								"east": {"uv": [0, 0], "uv_size": [1, 0.5]},
								"south": {"uv": [0, 0], "uv_size": [1, 0.5]},
								"west": {"uv": [0, 0], "uv_size": [1, 0.5]},
								"up": {"uv": [1, 1], "uv_size": [-1, -1]},
								"down": {"uv": [1, 1], "uv_size": [-1, -1]}
							}
						},
						{
							"origin": [0.2, 16.25, -2.2],
							"size": [1, 0.5, 1],
							"uv": {
								"north": {"uv": [6, 11], "uv_size": [4, 2.5]},
								"east": {"uv": [0, 0], "uv_size": [1, 0.5]},
								"south": {"uv": [0, 0], "uv_size": [1, 0.5]},
								"west": {"uv": [0, 0], "uv_size": [1, 0.5]},
								"up": {"uv": [1, 1], "uv_size": [-1, -1]},
								"down": {"uv": [1, 1], "uv_size": [-1, -1]}
							}
						},
						{
							"origin": [-1.75, 14.15, -2],
							"size": [3.5, 3.7, 4],
							"uv": {
								"north": {"uv": [4, 2], "uv_size": [8, 10]},
								"east": {"uv": [13, 2], "uv_size": [3, 10]},
								"south": {"uv": [13, 2], "uv_size": [3, 10]},
								"west": {"uv": [13, 2], "uv_size": [3, 10]},
								"up": {"uv": [16, 8], "uv_size": [-3, -6]},
								"down": {"uv": [4, 11], "uv_size": [8, -5]}
							}
						}
					]
				},
				{
					"name": "rightArm",
					"parent": "torso",
					"pivot": [-2.5, 12.55, 1],
					"cubes": [
						{
							"origin": [-4.4, 9.65, 0.3],
							"size": [2.2, 4.1, 1.4],
							"uv": {
								"north": {"uv": [9, 2], "uv_size": [6, 14]},
								"east": {"uv": [13, 1], "uv_size": [3, 14]},
								"south": {"uv": [13, 1], "uv_size": [3, 14]},
								"west": {"uv": [3, 1], "uv_size": [1, 4]},
								"up": {"uv": [16, 15], "uv_size": [-3, -6]},
								"down": {"uv": [3, 1], "uv_size": [2, -1]}
							}
						},
						{
							"origin": [-4.8, 7.35, 0],
							"size": [1.8, 4, 2],
							"uv": {
								"north": {"uv": [9, 2], "uv_size": [6, 14]},
								"east": {"uv": [1, 2], "uv_size": [6, 14]},
								"south": {"uv": [13, 1], "uv_size": [3, 14]},
								"west": {"uv": [13, 1], "uv_size": [3, 14]},
								"up": {"uv": [2, 0], "uv_size": [1, 2]},
								"down": {"uv": [3, 2], "uv_size": [1, -2]}
							}
						},
						{
							"origin": [-5, 5.85, -0.2],
							"size": [2.2, 2, 2.4],
							"uv": {
								"north": {"uv": [9, 0], "uv_size": [6, 6]},
								"east": {"uv": [9, 0], "uv_size": [6, 6]},
								"south": {"uv": [9, 0], "uv_size": [6, 6]},
								"west": {"uv": [9, 0], "uv_size": [6, 6]},
								"up": {"uv": [15, 6], "uv_size": [-6, -6]},
								"down": {"uv": [15, 6], "uv_size": [-6, -6]}
							}
						}
					]
				},
				{
					"name": "leftArm",
					"parent": "torso",
					"pivot": [2.6, 12.55, 1],
					"cubes": [
						{
							"origin": [3, 7.35, 0],
							"size": [1.8, 4, 2],
							"uv": {
								"north": {"uv": [1, 2], "uv_size": [6, 14]},
								"east": {"uv": [13, 1], "uv_size": [3, 14]},
								"south": {"uv": [13, 1], "uv_size": [3, 14]},
								"west": {"uv": [9, 2], "uv_size": [6, 14]},
								"up": {"uv": [2, 0], "uv_size": [1, 2]},
								"down": {"uv": [3, 2], "uv_size": [1, -2]}
							}
						},
						{
							"origin": [2.2, 9.65, 0.3],
							"size": [2.2, 4.1, 1.4],
							"uv": {
								"north": {"uv": [9, 2], "uv_size": [6, 14]},
								"east": {"uv": [0, 1], "uv_size": [1, 4]},
								"south": {"uv": [13, 1], "uv_size": [3, 14]},
								"west": {"uv": [13, 1], "uv_size": [3, 14]},
								"up": {"uv": [16, 15], "uv_size": [-3, -6]},
								"down": {"uv": [3, 1], "uv_size": [2, -1]}
							}
						},
						{
							"origin": [2.8, 5.85, -0.2],
							"size": [2.2, 2, 2.4],
							"uv": {
								"north": {"uv": [9, 0], "uv_size": [6, 6]},
								"east": {"uv": [9, 0], "uv_size": [6, 6]},
								"south": {"uv": [9, 0], "uv_size": [6, 6]},
								"west": {"uv": [9, 0], "uv_size": [6, 6]},
								"up": {"uv": [15, 6], "uv_size": [-6, -6]},
								"down": {"uv": [15, 6], "uv_size": [-6, -6]}
							}
						}
					]
				},
				{
					"name": "leftLeg",
					"parent": "torso",
					"pivot": [1.494, 5.77, 0.2],
					"cubes": [
						{
							"origin": [0.446, 4.686, -1.138],
							"size": [1.984, 1.092, 2.588],
							"uv": {
								"north": {"uv": [0, 0], "uv_size": [2.8, 1.4]},
								"east": {"uv": [0, 0], "uv_size": [4.6, 1.4]},
								"south": {"uv": [0, 0], "uv_size": [2.8, 1.4]},
								"west": {"uv": [0, 0], "uv_size": [4.6, 1.4]},
								"up": {"uv": [2.8, 4.6], "uv_size": [-2.8, -4.6]},
								"down": {"uv": [2.8, 4.6], "uv_size": [-2.8, -4.6]}
							}
						},
						{
							"origin": [0.446, 0.981, -1.138],
							"size": [1.984, 1.092, 2.588],
							"uv": {
								"north": {"uv": [0, 0], "uv_size": [2.8, 1.4]},
								"east": {"uv": [0, 0], "uv_size": [4.6, 1.4]},
								"south": {"uv": [0, 0], "uv_size": [2.8, 1.4]},
								"west": {"uv": [0, 0], "uv_size": [4.6, 1.4]},
								"up": {"uv": [2.8, 4.6], "uv_size": [-2.8, -4.6]},
								"down": {"uv": [2.8, 4.6], "uv_size": [-2.8, -4.6]}
							}
						},
						{
							"origin": [0.29, 3.828, -1.294],
							"size": [2.296, 1.092, 2.9],
							"uv": {
								"north": {"uv": [0, 0], "uv_size": [3.2, 1.4]},
								"east": {"uv": [0, 0], "uv_size": [5, 1.4]},
								"south": {"uv": [0, 0], "uv_size": [3.2, 1.4]},
								"west": {"uv": [0, 0], "uv_size": [5, 1.4]},
								"up": {"uv": [3.2, 5], "uv_size": [-3.2, -5]},
								"down": {"uv": [3.2, 5], "uv_size": [-3.2, -5]}
							}
						},
						{
							"origin": [0.29, 5.428, -1.294],
							"size": [2.296, 1.092, 2.9],
							"uv": {
								"north": {"uv": [0, 0], "uv_size": [3.2, 1.4]},
								"east": {"uv": [0, 0], "uv_size": [5, 1.4]},
								"south": {"uv": [0, 0], "uv_size": [3.2, 1.4]},
								"west": {"uv": [0, 0], "uv_size": [5, 1.4]},
								"up": {"uv": [3.2, 5], "uv_size": [-3.2, -5]},
								"down": {"uv": [3.2, 5], "uv_size": [-3.2, -5]}
							}
						},
						{
							"origin": [0.29, 1.878, -1.294],
							"size": [2.296, 1.092, 2.9],
							"uv": {
								"north": {"uv": [0, 0], "uv_size": [3.2, 1.4]},
								"east": {"uv": [0, 0], "uv_size": [5, 1.4]},
								"south": {"uv": [0, 0], "uv_size": [3.2, 1.4]},
								"west": {"uv": [0, 0], "uv_size": [5, 1.4]},
								"up": {"uv": [3.2, 5], "uv_size": [-3.2, -5]},
								"down": {"uv": [3.2, 5], "uv_size": [-3.2, -5]}
							}
						},
						{
							"origin": [0.134, 2.814, -1.45],
							"size": [2.608, 1.092, 3.212],
							"uv": {
								"north": {"uv": [6, 9], "uv_size": [3.6, 1.4]},
								"east": {"uv": [6, 9], "uv_size": [3.6, 1.4]},
								"south": {"uv": [6, 9], "uv_size": [3.6, 1.4]},
								"west": {"uv": [6, 9], "uv_size": [3.6, 1.4]},
								"up": {"uv": [3.6, 5.4], "uv_size": [-3.6, -5.4]},
								"down": {"uv": [3.6, 5.4], "uv_size": [-3.6, -5.4]}
							}
						},
						{
							"origin": [0.134, 0.014, -1.45],
							"size": [2.608, 1.092, 3.212],
							"uv": {
								"north": {"uv": [5, 8], "uv_size": [6.6, 3]},
								"east": {"uv": [0, 0], "uv_size": [5.4, 1.4]},
								"south": {"uv": [0, 0], "uv_size": [3.6, 1.4]},
								"west": {"uv": [9, 8], "uv_size": [6.6, 3]},
								"up": {"uv": [3.6, 5.4], "uv_size": [-3.6, -5.4]},
								"down": {"uv": [3.6, 5.4], "uv_size": [-3.6, -5.4]}
							}
						}
					]
				},
				{
					"name": "rightLeg",
					"parent": "torso",
					"pivot": [-1.381, 5.77, 0.1],
					"cubes": [
						{
							"origin": [-2.741, 2.814, -1.45],
							"size": [2.608, 1.092, 3.212],
							"uv": {
								"north": {"uv": [6, 9], "uv_size": [3.6, 1.4]},
								"east": {"uv": [6, 9], "uv_size": [3.6, 1.4]},
								"south": {"uv": [6, 9], "uv_size": [3.6, 1.4]},
								"west": {"uv": [6, 9], "uv_size": [3.6, 1.4]},
								"up": {"uv": [3.6, 5.4], "uv_size": [-3.6, -5.4]},
								"down": {"uv": [3.6, 5.4], "uv_size": [-3.6, -5.4]}
							}
						},
						{
							"origin": [-2.585, 1.878, -1.294],
							"size": [2.296, 1.092, 2.9],
							"uv": {
								"north": {"uv": [0, 0], "uv_size": [3.2, 1.4]},
								"east": {"uv": [0, 0], "uv_size": [5, 1.4]},
								"south": {"uv": [0, 0], "uv_size": [3.2, 1.4]},
								"west": {"uv": [0, 0], "uv_size": [5, 1.4]},
								"up": {"uv": [3.2, 5], "uv_size": [-3.2, -5]},
								"down": {"uv": [3.2, 5], "uv_size": [-3.2, -5]}
							}
						},
						{
							"origin": [-2.585, 3.828, -1.294],
							"size": [2.296, 1.092, 2.9],
							"uv": {
								"north": {"uv": [0, 0], "uv_size": [3.2, 1.4]},
								"east": {"uv": [0, 0], "uv_size": [5, 1.4]},
								"south": {"uv": [0, 0], "uv_size": [3.2, 1.4]},
								"west": {"uv": [0, 0], "uv_size": [5, 1.4]},
								"up": {"uv": [3.2, 5], "uv_size": [-3.2, -5]},
								"down": {"uv": [3.2, 5], "uv_size": [-3.2, -5]}
							}
						},
						{
							"origin": [-2.585, 5.428, -1.294],
							"size": [2.296, 1.092, 2.9],
							"uv": {
								"north": {"uv": [0, 0], "uv_size": [3.2, 1.4]},
								"east": {"uv": [0, 0], "uv_size": [5, 1.4]},
								"south": {"uv": [0, 0], "uv_size": [3.2, 1.4]},
								"west": {"uv": [0, 0], "uv_size": [5, 1.4]},
								"up": {"uv": [3.2, 5], "uv_size": [-3.2, -5]},
								"down": {"uv": [3.2, 5], "uv_size": [-3.2, -5]}
							}
						},
						{
							"origin": [-2.429, 0.981, -1.138],
							"size": [1.984, 1.092, 2.588],
							"uv": {
								"north": {"uv": [0, 0], "uv_size": [2.8, 1.4]},
								"east": {"uv": [0, 0], "uv_size": [4.6, 1.4]},
								"south": {"uv": [0, 0], "uv_size": [2.8, 1.4]},
								"west": {"uv": [0, 0], "uv_size": [4.6, 1.4]},
								"up": {"uv": [2.8, 4.6], "uv_size": [-2.8, -4.6]},
								"down": {"uv": [2.8, 4.6], "uv_size": [-2.8, -4.6]}
							}
						},
						{
							"origin": [-2.429, 4.686, -1.138],
							"size": [1.984, 1.092, 2.588],
							"uv": {
								"north": {"uv": [0, 0], "uv_size": [2.8, 1.4]},
								"east": {"uv": [0, 0], "uv_size": [4.6, 1.4]},
								"south": {"uv": [0, 0], "uv_size": [2.8, 1.4]},
								"west": {"uv": [0, 0], "uv_size": [4.6, 1.4]},
								"up": {"uv": [2.8, 4.6], "uv_size": [-2.8, -4.6]},
								"down": {"uv": [2.8, 4.6], "uv_size": [-2.8, -4.6]}
							}
						},
						{
							"origin": [-2.741, 0.014, -1.45],
							"size": [2.608, 1.092, 3.212],
							"uv": {
								"north": {"uv": [5, 8], "uv_size": [6.6, 3]},
								"east": {"uv": [0, 8], "uv_size": [6.6, 3]},
								"south": {"uv": [0, 0], "uv_size": [3.6, 1.4]},
								"west": {"uv": [0, 0], "uv_size": [5.4, 1.4]},
								"up": {"uv": [3.6, 5.4], "uv_size": [-3.6, -5.4]},
								"down": {"uv": [3.6, 5.4], "uv_size": [-3.6, -5.4]}
							}
						}
					]
				}
			]
		}
	]
}