{
	"credit": "Made with Blockbench",
	"textures": {
		"0": "block/glass",
		"1": "block/soul_fire_lantern/lantern",
		"particle": "block/soul_fire_lantern/lantern"
	},
	"elements": [
		{
			"from": [5, 5, 5],
			"to": [11, 6, 11],
			"faces": {
				"north": {"uv": [0, 8, 6, 9], "texture": "#1"},
				"east": {"uv": [0, 8, 6, 9], "texture": "#1"},
				"south": {"uv": [0, 8, 6, 9], "texture": "#1"},
				"west": {"uv": [0, 8, 6, 9], "texture": "#1"},
				"up": {"uv": [0, 9, 6, 15], "texture": "#1"},
				"down": {"uv": [0, 9, 6, 15], "texture": "#1"}
			}
		},
		{
			"from": [6, 6, 6],
			"to": [10, 11, 10],
			"faces": {
				"north": {"uv": [0, 3, 6, 8], "texture": "#1"},
				"east": {"uv": [0, 3, 6, 8], "texture": "#1"},
				"south": {"uv": [0, 3, 6, 8], "texture": "#1"},
				"west": {"uv": [0, 3, 6, 8], "texture": "#1"},
				"up": {"uv": [7, 6, 11, 10], "texture": "#0"},
				"down": {"uv": [6, 4, 10, 8], "texture": "#0"}
			}
		},
		{
			"from": [5, 11, 5],
			"to": [11, 12, 11],
			"faces": {
				"north": {"uv": [0, 2, 6, 3], "texture": "#1"},
				"east": {"uv": [0, 2, 6, 3], "texture": "#1"},
				"south": {"uv": [0, 2, 6, 3], "texture": "#1"},
				"west": {"uv": [0, 2, 6, 3], "texture": "#1"},
				"up": {"uv": [0, 9, 6, 15], "texture": "#1"},
				"down": {"uv": [0, 9, 6, 15], "texture": "#1"}
			}
		},
		{
			"from": [6, 12, 6],
			"to": [10, 13, 10],
			"faces": {
				"north": {"uv": [1, 0, 5, 1], "texture": "#1"},
				"east": {"uv": [1, 0, 5, 1], "texture": "#1"},
				"south": {"uv": [1, 0, 5, 1], "texture": "#1"},
				"west": {"uv": [1, 0, 5, 1], "texture": "#1"},
				"up": {"uv": [1, 10, 5, 14], "texture": "#1"},
				"down": {"uv": [0, 0, 4, 4], "texture": "#missing"}
			}
		},
		{
			"from": [5.55, 6, 6],
			"to": [10.45, 11, 10],
			"faces": {
				"north": {"uv": [6, 4, 10, 9], "texture": "#0"},
				"east": {"uv": [1, 3, 7, 10], "texture": "#0"},
				"south": {"uv": [6, 5, 10, 10], "texture": "#0"},
				"west": {"uv": [1, 3, 7, 10], "texture": "#0"},
				"up": {"uv": [0, 0, 4, 5], "texture": "#missing"},
				"down": {"uv": [0, 0, 4, 5], "texture": "#missing"}
			}
		},
		{
			"from": [6, 6, 5.65],
			"to": [10, 11, 10.45],
			"faces": {
				"north": {"uv": [9, 8, 15, 15], "texture": "#0"},
				"east": {"uv": [5, 6, 11, 11], "texture": "#0"},
				"south": {"uv": [9, 8, 15, 15], "texture": "#0"},
				"west": {"uv": [5, 7, 11, 12], "texture": "#0"},
				"up": {"uv": [0, 0, 6, 5], "texture": "#missing"},
				"down": {"uv": [0, 0, 6, 5], "texture": "#missing"}
			}
		},
		{
			"from": [5.5, 6, 5.5],
			"to": [6, 11, 6],
			"faces": {
				"north": {"uv": [0, 8, 0.5, 13], "texture": "#1"},
				"east": {"uv": [0, 8, 0.5, 13], "texture": "#1"},
				"south": {"uv": [0, 8, 0.5, 13], "texture": "#1"},
				"west": {"uv": [0, 8, 0.5, 13], "texture": "#1"},
				"up": {"uv": [0, 0, 0.5, 0.5], "texture": "#missing"},
				"down": {"uv": [0, 0, 0.5, 0.5], "texture": "#missing"}
			}
		},
		{
			"from": [5.5, 6, 10],
			"to": [6, 11, 10.5],
			"faces": {
				"north": {"uv": [0, 8, 0.5, 13], "texture": "#1"},
				"east": {"uv": [0, 8, 0.5, 13], "texture": "#1"},
				"south": {"uv": [0, 8, 0.5, 13], "texture": "#1"},
				"west": {"uv": [0, 8, 0.5, 13], "texture": "#1"},
				"up": {"uv": [0, 0, 0.5, 0.5], "texture": "#missing"},
				"down": {"uv": [0, 0, 0.5, 0.5], "texture": "#missing"}
			}
		},
		{
			"from": [10, 6, 10],
			"to": [10.5, 11, 10.5],
			"faces": {
				"north": {"uv": [0, 8, 0.5, 13], "texture": "#1"},
				"east": {"uv": [0, 8, 0.5, 13], "texture": "#1"},
				"south": {"uv": [0, 8, 0.5, 13], "texture": "#1"},
				"west": {"uv": [0, 8, 0.5, 13], "texture": "#1"},
				"up": {"uv": [0, 0, 0.5, 0.5], "texture": "#1"},
				"down": {"uv": [0, 0, 0.5, 0.5], "texture": "#missing"}
			}
		},
		{
			"from": [10, 6, 5.5],
			"to": [10.5, 11, 6],
			"faces": {
				"north": {"uv": [0, 8, 0.5, 13], "texture": "#1"},
				"east": {"uv": [0, 9, 0.5, 14], "texture": "#1"},
				"south": {"uv": [0, 8, 0.5, 13], "texture": "#1"},
				"west": {"uv": [0, 8, 0.5, 13], "texture": "#1"},
				"up": {"uv": [-0.5, 8, 0.5, 14.5], "texture": "#1"},
				"down": {"uv": [0, 0, 0.5, 0.5], "texture": "#missing"}
			}
		}
	],
	"display": {
		"thirdperson_righthand": {
			"rotation": [64.5, 0, 0],
			"translation": [0, -1, -1.5],
			"scale": [0.6543, 0.6543, 0.6543]
		},
		"thirdperson_lefthand": {
			"rotation": [69, 0, 0],
			"scale": [0.62695, 0.62695, 0.62695]
		},
		"firstperson_righthand": {
			"rotation": [0, -10, -3.5],
			"translation": [3, 0.75, 0.75]
		},
		"firstperson_lefthand": {
			"rotation": [0, 0, -6.75],
			"translation": [1.5, 0, 0]
		},
		"ground": {
			"rotation": [0, 0, 16.5]
		},
		"gui": {
			"rotation": [16.25, -124, -0.75],
			"translation": [-0.25, -1.25, 0],
			"scale": [1.4082, 1.4082, 1.4082]
		},
		"head": {
			"translation": [0, 10.75, 0],
			"scale": [1.58789, 1.58789, 1.58789]
		},
		"fixed": {
			"translation": [0, -1.25, 0],
			"scale": [1.6875, 1.6875, 1.6875]
		}
	}
}