{
	"credit": "Made with Blockbench",
	"parent": "axe",
	"ambientocclusion": false,
	"textures": {
		"2": "item/netherite_axe/netherite stick",
		"3": "item/netherite_axe/netherite_block",
		"4": "item/netherite_axe/axe netherite",
		"particle": "item/netherite_axe/netherite_block"
	},
	"elements": [
		{
			"from": [0, -0.25, 13],
			"to": [1, 1.25, 14],
			"faces": {
				"north": {"uv": [0, 0, 1, 1], "texture": "#3"},
				"east": {"uv": [0, 0, 1, 1], "texture": "#3"},
				"south": {"uv": [0, 0, 1, 1], "texture": "#3"},
				"west": {"uv": [0, 0, 1, 1], "texture": "#3"},
				"up": {"uv": [13, 3, 14, 4], "texture": "#3"},
				"down": {"uv": [0, 0, 1, 1], "texture": "#3"}
			}
		},
		{
			"from": [-1, -0.25, 14],
			"to": [1, 1.25, 15],
			"faces": {
				"north": {"uv": [7, 11, 9, 12.5], "texture": "#3"},
				"east": {"uv": [7, 11, 8, 12.5], "texture": "#3"},
				"south": {"uv": [7, 11, 8, 12], "texture": "#3"},
				"west": {"uv": [7, 11, 8, 12], "texture": "#3"},
				"up": {"uv": [8, 11, 10, 12], "texture": "#3"},
				"down": {"uv": [7, 11, 9, 12], "texture": "#3"}
			}
		},
		{
			"from": [1, -0.25, 13],
			"to": [2, 1.25, 17],
			"faces": {
				"north": {"uv": [7, 11, 8, 12.5], "texture": "#3"},
				"east": {"uv": [5, 9, 9, 10.5], "texture": "#3"},
				"south": {"uv": [5, 9, 6, 10.5], "texture": "#3"},
				"west": {"uv": [5, 9, 9, 10.5], "texture": "#3"},
				"up": {"uv": [2, 3, 3, 7], "texture": "#3"},
				"down": {"uv": [5, 9, 6, 12], "texture": "#3"}
			}
		},
		{
			"from": [2, -0.25, 12],
			"to": [3, 1.25, 16],
			"faces": {
				"north": {"uv": [7, 11, 8, 12.5], "texture": "#3"},
				"east": {"uv": [5, 9, 9, 10.5], "texture": "#3"},
				"south": {"uv": [5, 9, 6, 10.5], "texture": "#3"},
				"west": {"uv": [5, 11, 9, 12.5], "texture": "#3"},
				"up": {"uv": [2, 2, 3, 6], "texture": "#3"},
				"down": {"uv": [2, 9, 3, 13], "texture": "#3"}
			}
		},
		{
			"from": [4, 0, 10],
			"to": [5, 1, 12],
			"faces": {
				"north": {"uv": [1, 15, 2, 16], "texture": "#2"},
				"east": {"uv": [14, 0, 16, 1], "texture": "#2"},
				"south": {"uv": [14, 0, 15, 1], "texture": "#2"},
				"west": {"uv": [14, 0, 16, 1], "texture": "#2"},
				"up": {"uv": [15, 0, 16, 2], "rotation": 180, "texture": "#2"},
				"down": {"uv": [15, 0, 16, 2], "texture": "#2"}
			}
		},
		{
			"from": [3, -0.25, 11],
			"to": [4, 1.25, 14],
			"faces": {
				"north": {"uv": [8, 11, 9, 12.5], "texture": "#3"},
				"east": {"uv": [5, 9, 8, 10], "texture": "#3"},
				"south": {"uv": [5, 9, 6, 10.5], "texture": "#3"},
				"west": {"uv": [5, 9, 8, 10.5], "texture": "#3"},
				"up": {"uv": [2, 2, 3, 5], "texture": "#3"},
				"down": {"uv": [5, 9, 6, 12], "texture": "#3"}
			}
		},
		{
			"from": [5, 0, 9],
			"to": [6, 1, 12],
			"faces": {
				"north": {"uv": [11, 5, 12, 6], "texture": "#2"},
				"east": {"uv": [11, 3, 14, 4], "texture": "#2"},
				"south": {"uv": [12, 2, 13, 3], "texture": "#2"},
				"west": {"uv": [11, 3, 14, 4], "texture": "#2"},
				"up": {"uv": [13, 1, 14, 4], "texture": "#2"},
				"down": {"uv": [13, 1, 14, 4], "texture": "#2"}
			}
		},
		{
			"from": [6, 0, 8],
			"to": [7, 1, 11],
			"faces": {
				"north": {"uv": [11, 5, 12, 6], "texture": "#2"},
				"east": {"uv": [11, 3, 14, 4], "texture": "#2"},
				"south": {"uv": [12, 2, 13, 3], "texture": "#2"},
				"west": {"uv": [11, 3, 14, 4], "texture": "#2"},
				"up": {"uv": [13, 1, 14, 4], "texture": "#2"},
				"down": {"uv": [13, 1, 14, 4], "texture": "#2"}
			}
		},
		{
			"from": [7, 0, 7],
			"to": [8, 1, 10],
			"faces": {
				"north": {"uv": [11, 5, 12, 6], "texture": "#2"},
				"east": {"uv": [10, 4, 13, 5], "texture": "#2"},
				"south": {"uv": [11, 3, 12, 4], "texture": "#2"},
				"west": {"uv": [10, 4, 13, 5], "texture": "#2"},
				"up": {"uv": [11, 3, 12, 6], "rotation": 180, "texture": "#2"},
				"down": {"uv": [11, 3, 12, 6], "texture": "#2"}
			}
		},
		{
			"from": [8, 0, 6],
			"to": [9, 1, 9],
			"faces": {
				"north": {"uv": [9, 7, 10, 8], "texture": "#2"},
				"east": {"uv": [9, 5, 12, 6], "texture": "#2"},
				"south": {"uv": [9, 7, 10, 8], "texture": "#2"},
				"west": {"uv": [9, 5, 12, 6], "texture": "#2"},
				"up": {"uv": [10, 4, 11, 7], "rotation": 180, "texture": "#2"},
				"down": {"uv": [10, 4, 11, 7], "texture": "#2"}
			}
		},
		{
			"from": [9, 0, 5],
			"to": [10, 1, 8],
			"faces": {
				"north": {"uv": [0.5, 15.5, 1, 16], "texture": "#2"},
				"east": {"uv": [0, 15, 1.5, 15.5], "texture": "#2"},
				"south": {"uv": [0.5, 14.5, 1, 15], "texture": "#2"},
				"west": {"uv": [0, 15, 1.5, 15.5], "texture": "#2"},
				"up": {"uv": [9, 5, 10, 8], "rotation": 180, "texture": "#2"},
				"down": {"uv": [9, 5, 10, 8], "texture": "#2"}
			}
		},
		{
			"from": [10, 0, 4],
			"to": [11, 1, 7],
			"faces": {
				"north": {"uv": [8, 8, 9, 9], "texture": "#2"},
				"east": {"uv": [8, 6, 11, 7], "texture": "#2"},
				"south": {"uv": [9, 5, 10, 6], "texture": "#2"},
				"west": {"uv": [8, 6, 11, 7], "texture": "#2"},
				"up": {"uv": [8, 6, 9, 9], "rotation": 180, "texture": "#2"},
				"down": {"uv": [8, 6, 9, 9], "texture": "#2"}
			}
		},
		{
			"from": [11, 0, 3],
			"to": [12, 1, 6],
			"faces": {
				"north": {"uv": [7, 9, 8, 10], "texture": "#2"},
				"east": {"uv": [6, 8, 9, 9], "rotation": 180, "texture": "#2"},
				"south": {"uv": [7, 7, 8, 8], "texture": "#2"},
				"west": {"uv": [6, 8, 9, 9], "texture": "#2"},
				"up": {"uv": [7, 7, 8, 10], "rotation": 180, "texture": "#2"},
				"down": {"uv": [7, 7, 8, 10], "texture": "#2"}
			}
		},
		{
			"from": [12, 0, 2],
			"to": [13, 1, 5],
			"faces": {
				"north": {"uv": [6, 10, 7, 11], "texture": "#2"},
				"east": {"uv": [5, 9, 8, 10], "texture": "#2"},
				"south": {"uv": [6, 10, 7, 11], "texture": "#2"},
				"west": {"uv": [5, 9, 8, 10], "texture": "#2"},
				"up": {"uv": [6, 8, 7, 11], "texture": "#2"},
				"down": {"uv": [6, 8, 7, 11], "texture": "#2"}
			}
		},
		{
			"from": [13, 0, 1],
			"to": [14, 1, 4],
			"faces": {
				"north": {"uv": [5, 11, 6, 12], "texture": "#2"},
				"east": {"uv": [4, 10, 7, 11], "texture": "#2"},
				"south": {"uv": [5, 11, 6, 12], "texture": "#2"},
				"west": {"uv": [4, 10, 7, 11], "texture": "#2"},
				"up": {"uv": [5, 9, 6, 12], "texture": "#2"},
				"down": {"uv": [5, 9, 6, 12], "texture": "#2"}
			}
		},
		{
			"from": [14, 0, 0],
			"to": [15, 1, 3],
			"faces": {
				"north": {"uv": [4, 12, 5, 13], "texture": "#2"},
				"east": {"uv": [3, 11, 6, 12], "texture": "#2"},
				"south": {"uv": [4, 12, 5, 13], "texture": "#2"},
				"west": {"uv": [3, 11, 6, 12], "texture": "#2"},
				"up": {"uv": [4, 10, 5, 13], "texture": "#2"},
				"down": {"uv": [4, 10, 5, 13], "texture": "#2"}
			}
		},
		{
			"from": [15.00174, -0.00349, -0.99825],
			"to": [16.00174, 0.99651, 2.00175],
			"faces": {
				"north": {"uv": [3, 13, 4, 14], "texture": "#2"},
				"east": {"uv": [2, 12, 5, 13], "texture": "#2"},
				"south": {"uv": [3, 13, 4, 14], "texture": "#2"},
				"west": {"uv": [2, 12, 5, 13], "texture": "#2"},
				"up": {"uv": [3, 11, 4, 14], "texture": "#2"},
				"down": {"uv": [3, 11, 4, 14], "texture": "#2"}
			}
		},
		{
			"from": [16.00348, -0.00699, -1.9965],
			"to": [17.00348, 0.99301, 1.0035],
			"faces": {
				"north": {"uv": [2, 14, 3, 15], "texture": "#2"},
				"east": {"uv": [1, 13, 4, 14], "rotation": 180, "texture": "#2"},
				"south": {"uv": [2, 12, 3, 13], "texture": "#2"},
				"west": {"uv": [0, 14, 3, 15], "texture": "#2"},
				"up": {"uv": [2, 12, 3, 15], "rotation": 180, "texture": "#2"},
				"down": {"uv": [2, 12, 3, 15], "texture": "#2"}
			}
		},
		{
			"from": [17.00522, -0.01048, -2.99475],
			"to": [18.00522, 0.98952, 0.00525],
			"faces": {
				"north": {"uv": [1, 15, 2, 16], "texture": "#2"},
				"east": {"uv": [0, 14, 3, 15], "texture": "#2"},
				"south": {"uv": [1, 13, 2, 14], "texture": "#2"},
				"west": {"uv": [0, 14, 3, 15], "texture": "#2"},
				"up": {"uv": [1, 13, 2, 16], "texture": "#2"},
				"down": {"uv": [1, 13, 2, 16], "texture": "#2"}
			}
		},
		{
			"from": [18.00522, -0.01048, -2.99475],
			"to": [19.00522, 0.98952, -0.99475],
			"faces": {
				"north": {"uv": [0, 15, 1, 16], "texture": "#2"},
				"east": {"uv": [0, 15, 2, 16], "rotation": 180, "texture": "#2"},
				"south": {"uv": [0, 14, 1, 15], "texture": "#2"},
				"west": {"uv": [0, 15, 2, 16], "texture": "#2"},
				"up": {"uv": [0, 14, 1, 16], "rotation": 180, "texture": "#2"},
				"down": {"uv": [0, 14, 1, 16], "texture": "#2"}
			}
		},
		{
			"from": [-4, -0.25, 15],
			"to": [1, 1.25, 20],
			"faces": {
				"north": {"uv": [3, 2, 8, 3.5], "texture": "#3"},
				"east": {"uv": [2, 2, 7, 3.5], "texture": "#3"},
				"south": {"uv": [3, 2, 8, 3.5], "texture": "#3"},
				"west": {"uv": [3, 2, 8, 3.5], "texture": "#3"},
				"up": {"uv": [2, 2, 7, 7], "rotation": 270, "texture": "#3"},
				"down": {"uv": [6, 6, 11, 11], "texture": "#3"}
			}
		},
		{
			"from": [-5.03309, 0.04195, 18.99122],
			"to": [-3.03309, 0.94195, 20.99122],
			"faces": {
				"north": {"uv": [14, 0, 16, 0.9], "texture": "#2"},
				"east": {"uv": [14, 0, 16, 0.9], "texture": "#2"},
				"south": {"uv": [14, 0, 16, 0.9], "rotation": 180, "texture": "#2"},
				"west": {"uv": [14, 0, 16, 0.9], "texture": "#2"},
				"up": {"uv": [14, 0, 16, 2], "texture": "#2"},
				"down": {"uv": [14, 0, 16, 2], "rotation": 90, "texture": "#2"}
			}
		},
		{
			"from": [3.97908, -0.236, 12.00694],
			"to": [4.97908, 1.264, 13.00694],
			"faces": {
				"north": {"uv": [7, 2, 8, 3.5], "texture": "#3"},
				"east": {"uv": [6, 2, 7, 3.5], "texture": "#3"},
				"south": {"uv": [6, 2, 7, 3.5], "texture": "#3"},
				"west": {"uv": [6, 2, 7, 3.5], "texture": "#3"},
				"up": {"uv": [5, 2, 6, 3], "texture": "#3"},
				"down": {"uv": [6, 2, 7, 3], "texture": "#3"}
			}
		},
		{
			"name": "cristallo",
			"from": [-2.27786, -0.46679, 16.74471],
			"to": [-0.77786, 1.53321, 18.24471],
			"faces": {
				"north": {"uv": [8, 5, 9, 6], "texture": "#4"},
				"east": {"uv": [6, 5, 7, 6], "rotation": 270, "texture": "#4"},
				"south": {"uv": [5, 3, 6, 4], "rotation": 270, "texture": "#4"},
				"west": {"uv": [6, 5, 7, 6], "rotation": 270, "texture": "#4"},
				"up": {"uv": [8, 5, 9, 6], "rotation": 270, "texture": "#4"},
				"down": {"uv": [8, 5, 9, 6], "texture": "#4"}
			}
		},
		{
			"from": [6, 0, 17],
			"to": [8, 1, 18],
			"faces": {
				"north": {"uv": [0, 8, 2, 9], "texture": "#4"},
				"east": {"uv": [0, 8, 1, 9], "texture": "#4"},
				"south": {"uv": [0, 8, 2, 9], "texture": "#4"},
				"west": {"uv": [1, 8, 2, 9], "texture": "#4"},
				"up": {"uv": [0, 8, 2, 9], "rotation": 180, "texture": "#4"},
				"down": {"uv": [0, 8, 2, 9], "rotation": 180, "texture": "#4"}
			}
		},
		{
			"from": [0.99653, 0.01048, 18.99301],
			"to": [3.99653, 1.01048, 19.99301],
			"faces": {
				"north": {"uv": [4, 6, 7, 7], "texture": "#4"},
				"east": {"uv": [7, 6, 8, 7], "texture": "#4"},
				"south": {"uv": [5, 9, 8, 10], "texture": "#4"},
				"west": {"uv": [7, 6, 8, 7], "texture": "#4"},
				"up": {"uv": [4, 6, 7, 7], "rotation": 180, "texture": "#4"},
				"down": {"uv": [4, 6, 7, 7], "rotation": 180, "texture": "#4"}
			}
		},
		{
			"from": [-4, 0, 25],
			"to": [2, 1, 26],
			"faces": {
				"north": {"uv": [6, 0, 12, 1], "texture": "#4"},
				"east": {"uv": [6, 0, 7, 1], "texture": "#4"},
				"south": {"uv": [6, 0, 12, 1], "rotation": 180, "texture": "#4"},
				"west": {"uv": [11, 0, 12, 1], "texture": "#4"},
				"up": {"uv": [6, 0, 12, 1], "rotation": 180, "texture": "#4"},
				"down": {"uv": [6, 0, 12, 1], "rotation": 180, "texture": "#4"}
			}
		},
		{
			"from": [-3, 0, 24],
			"to": [4, 1, 25],
			"faces": {
				"north": {"uv": [4, 1, 11, 2], "texture": "#4"},
				"east": {"uv": [4, 1, 5, 2], "texture": "#4"},
				"south": {"uv": [4, 1, 11, 2], "rotation": 180, "texture": "#4"},
				"west": {"uv": [10, 1, 11, 2], "texture": "#4"},
				"up": {"uv": [4, 1, 11, 2], "rotation": 180, "texture": "#4"},
				"down": {"uv": [4, 1, 11, 2], "rotation": 180, "texture": "#4"}
			}
		},
		{
			"from": [-2, 0, 23],
			"to": [6, 1, 24],
			"faces": {
				"north": {"uv": [2, 2, 10, 3], "texture": "#4"},
				"east": {"uv": [2, 2, 3, 3], "texture": "#4"},
				"south": {"uv": [2, 2, 10, 3], "rotation": 180, "texture": "#4"},
				"west": {"uv": [9, 2, 10, 3], "texture": "#4"},
				"up": {"uv": [2, 2, 10, 3], "rotation": 180, "texture": "#4"},
				"down": {"uv": [2, 2, 10, 3], "rotation": 180, "texture": "#4"}
			}
		},
		{
			"from": [-3, 0, 20],
			"to": [7, 1, 23],
			"faces": {
				"north": {"uv": [0, 0, 10, 1], "texture": "#4"},
				"east": {"uv": [2, 2, 5, 3], "texture": "#4"},
				"south": {"uv": [1, 3, 11, 4], "rotation": 180, "texture": "#4"},
				"west": {"uv": [10, 3, 11, 6], "rotation": 90, "texture": "#4"},
				"up": {"uv": [1, 3, 11, 6], "rotation": 180, "texture": "#4"},
				"down": {"uv": [1, 3, 11, 6], "rotation": 180, "texture": "#4"}
			}
		},
		{
			"from": [4, 0, 18],
			"to": [8, 1, 20],
			"faces": {
				"north": {"uv": [0, 7, 4, 8], "texture": "#4"},
				"east": {"uv": [0, 6, 2, 7], "rotation": 180, "texture": "#4"},
				"south": {"uv": [0, 6, 4, 7], "texture": "#4"},
				"west": {"uv": [2, 7, 4, 8], "rotation": 180, "texture": "#4"},
				"up": {"uv": [0, 6, 4, 8], "rotation": 180, "texture": "#4"},
				"down": {"uv": [0, 8, 4, 6], "rotation": 180, "texture": "#4"}
			}
		},
		{
			"from": [-6.54267, 0.30243, 24.49033],
			"to": [-4.54267, 0.80243, 25.49033],
			"faces": {
				"north": {"uv": [12, 1, 14, 1.5], "texture": "#4"},
				"east": {"uv": [13, 0, 14, 0.5], "texture": "#4"},
				"south": {"uv": [13, 0, 15, 0.5], "texture": "#4"},
				"west": {"uv": [14, 0, 15, 0.5], "texture": "#4"},
				"up": {"uv": [13, 0, 15, 1], "texture": "#4"},
				"down": {"uv": [13, 0, 15, 1], "texture": "#4"}
			}
		},
		{
			"from": [-5.54093, 0.29894, 23.49207],
			"to": [-3.54093, 0.79894, 24.49207],
			"faces": {
				"north": {"uv": [12, 1, 14, 1.5], "texture": "#4"},
				"east": {"uv": [13, 0, 14, 0.5], "texture": "#4"},
				"south": {"uv": [13, 0, 15, 0.5], "texture": "#4"},
				"west": {"uv": [14, 0, 15, 0.5], "texture": "#4"},
				"up": {"uv": [13, 0, 15, 1], "texture": "#4"},
				"down": {"uv": [13, 0, 15, 1], "texture": "#4"}
			}
		},
		{
			"from": [0.96864, 0.02798, 18.00343],
			"to": [1.96864, 1.02798, 19.00343],
			"faces": {
				"north": {"uv": [6, 7, 7, 8], "texture": "#4"},
				"east": {"uv": [6, 7, 7, 8], "texture": "#4"},
				"south": {"uv": [6, 7, 7, 8], "texture": "#4"},
				"west": {"uv": [6, 7, 7, 8], "texture": "#4"},
				"up": {"uv": [6, 7, 7, 8], "texture": "#4"},
				"down": {"uv": [6, 7, 7, 8], "texture": "#4"}
			}
		},
		{
			"from": [-4, 0, 12],
			"to": [-3, 1, 14],
			"faces": {
				"north": {"uv": [9, 12, 8, 13], "texture": "#4"},
				"east": {"uv": [10, 12, 9, 14], "rotation": 270, "texture": "#4"},
				"south": {"uv": [8, 12, 7, 13], "texture": "#4"},
				"west": {"uv": [7, 12, 5, 13], "texture": "#4"},
				"up": {"uv": [9, 14, 10, 12], "texture": "#4"},
				"down": {"uv": [9, 14, 10, 12], "rotation": 180, "texture": "#4"}
			}
		},
		{
			"from": [-2.00174, 0.00175, 10],
			"to": [-1.00174, 1.00175, 11],
			"faces": {
				"north": {"uv": [8, 15, 7, 16], "texture": "#4"},
				"east": {"uv": [8, 15, 7, 16], "texture": "#4"},
				"south": {"uv": [8, 15, 7, 16], "texture": "#4"},
				"west": {"uv": [7, 13, 6, 14], "texture": "#4"},
				"up": {"uv": [7, 16, 8, 15], "rotation": 270, "texture": "#4"},
				"down": {"uv": [7, 16, 8, 15], "rotation": 90, "texture": "#4"}
			}
		},
		{
			"from": [-8, 0, 12],
			"to": [-7, 1, 18],
			"faces": {
				"north": {"uv": [15, 11, 14, 12], "texture": "#4"},
				"east": {"uv": [14, 8, 13, 14], "rotation": 270, "texture": "#4"},
				"south": {"uv": [14, 8, 13, 9], "texture": "#4"},
				"west": {"uv": [14, 8, 13, 14], "rotation": 90, "texture": "#4"},
				"up": {"uv": [13, 14, 14, 8], "texture": "#4"},
				"down": {"uv": [13, 14, 14, 8], "rotation": 180, "texture": "#4"}
			}
		},
		{
			"from": [-7, 0, 11],
			"to": [-4, 1, 19],
			"faces": {
				"north": {"uv": [13, 14, 10, 15], "texture": "#4"},
				"east": {"uv": [11, 7, 10, 15], "rotation": 270, "texture": "#4"},
				"south": {"uv": [13, 7, 10, 8], "texture": "#4"},
				"west": {"uv": [13, 7, 12, 15], "rotation": 90, "texture": "#4"},
				"up": {"uv": [13, 15, 10, 7], "texture": "#4"},
				"down": {"uv": [10, 15, 13, 7], "rotation": 180, "texture": "#4"}
			}
		},
		{
			"from": [-4, 0, 10],
			"to": [-2, 1, 12],
			"faces": {
				"north": {"uv": [10, 15, 8, 16], "texture": "#4"},
				"east": {"uv": [10, 15, 8, 16], "texture": "#4"},
				"south": {"uv": [12, 9.5, 10, 10.5], "texture": "#4"},
				"west": {"uv": [10, 15, 8, 16], "texture": "#4"},
				"up": {"uv": [8, 16, 10, 14], "texture": "#4"},
				"down": {"uv": [8, 16, 10, 14], "rotation": 180, "texture": "#4"}
			}
		},
		{
			"from": [-4.02438, 0.02971, 13.99472],
			"to": [-2.02438, 1.02971, 14.99472],
			"faces": {
				"north": {"uv": [10, 7.5, 12, 8.5], "texture": "#4"},
				"east": {"uv": [10, 7.5, 11, 8.5], "texture": "#4"},
				"south": {"uv": [10, 7.5, 12, 8.5], "rotation": 180, "texture": "#4"},
				"west": {"uv": [0, 0, 1, 1], "texture": "#4"},
				"up": {"uv": [10, 7.5, 12, 8.5], "rotation": 180, "texture": "#4"},
				"down": {"uv": [10, 7.5, 12, 8.5], "texture": "#4"}
			}
		},
		{
			"from": [-10, 0.25, 14],
			"to": [-9, 0.75, 20],
			"rotation": {"angle": 0, "axis": "y", "origin": [6, 8, 10]},
			"faces": {
				"north": {"uv": [15, 11, 14, 12], "texture": "#4"},
				"east": {"uv": [14, 8, 13, 14], "rotation": 270, "texture": "#4"},
				"south": {"uv": [14, 8, 13, 9], "texture": "#4"},
				"west": {"uv": [14, 8, 13, 14], "rotation": 90, "texture": "#4"},
				"up": {"uv": [13, 14, 14, 8], "texture": "#4"},
				"down": {"uv": [13, 14, 14, 8], "rotation": 180, "texture": "#4"}
			}
		},
		{
			"from": [-11, 0.25, 15],
			"to": [-10, 0.75, 21],
			"rotation": {"angle": 0, "axis": "y", "origin": [5, 8, 11]},
			"faces": {
				"north": {"uv": [15, 11, 14, 12], "texture": "#4"},
				"east": {"uv": [14, 8, 13, 14], "rotation": 270, "texture": "#4"},
				"south": {"uv": [14, 8, 13, 9], "texture": "#4"},
				"west": {"uv": [14, 8, 13, 14], "rotation": 90, "texture": "#4"},
				"up": {"uv": [13, 14, 14, 8], "texture": "#4"},
				"down": {"uv": [13, 14, 14, 8], "rotation": 180, "texture": "#4"}
			}
		}
	],
	"gui_light": "front",
	"display": {
		"thirdperson_righthand": {
			"rotation": [-116.5, 2.5, 85.75],
			"translation": [-6.5, 4.75, 2.25],
			"scale": [0.86523, 0.86523, 0.86523]
		},
		"thirdperson_lefthand": {
			"rotation": [70, -186, 452.5],
			"translation": [7.5, 4.5, 3.75]
		},
		"firstperson_righthand": {
			"rotation": [122.25, 174.5, 88],
			"translation": [6.75, 3.5, 1.25],
			"scale": [0.82032, 0.82032, 0.82032]
		},
		"firstperson_lefthand": {
			"rotation": [31.25, -183.25, 97],
			"translation": [7.5, 4, 1.25],
			"scale": [0.8418, 0.8418, 0.8418]
		},
		"ground": {
			"translation": [1.25, 3.75, 0],
			"scale": [0.75391, 0.75391, 0.75391]
		},
		"gui": {
			"rotation": [90, -180, 0],
			"translation": [-2, -2, 0],
			"scale": [0.54102, 0.54102, 0.54102]
		},
		"head": {
			"rotation": [0, -45.25, -87],
			"translation": [30.25, -2.75, -8.25],
			"scale": [1.70898, 1.70898, 1.70898]
		},
		"fixed": {
			"rotation": [-90.25, 0, 0],
			"translation": [0, 0, -14.5],
			"scale": [1.84375, 1.84375, 1.84375]
		}
	},
	"groups": [
		{
			"name": "manico",
			"origin": [8, 8, 8],
			"children": [0, 1, 2, 3, 4, 5, 6, 7, 8, 9, 10, 11, 12, 13, 14, 15, 16, 17, 18, 19, 20, 21, 22, 23]
		},
		{
			"name": "lama luce",
			"origin": [8, 8, 8],
			"children": [24, 25, 26, 27, 28, 29, 30, 31, 32, 33]
		},
		{
			"name": "lama ombra",
			"origin": [8, 8, 8],
			"children": [34, 35, 36, 37, 38, 39, 40, 41]
		}
	]
}