{
	"credit": "Made with Blockbench",
	"parent": "soul_fire_lantern",
	"textures": {
		"0": "block/glass",
		"1": "block/soul_fire_lantern/soul_fire_lantern",
		"particle": "block/soul_fire_lantern/soul_fire_lantern"
	},
	"elements": [
		{
			"from": [5.55, 1, 6],
			"to": [10.45, 6, 10],
			"rotation": {"angle": 0, "axis": "y", "origin": [8, 3, 8]},
			"faces": {
				"north": {"uv": [5, 9, 9, 14], "texture": "#0"},
				"east": {"uv": [9, 8, 15, 15], "texture": "#0"},
				"west": {"uv": [9, 8, 15, 15], "texture": "#0"}
			}
		},
		{
			"from": [6, 1, 5.55],
			"to": [10, 6, 10.45],
			"rotation": {"angle": 0, "axis": "z", "origin": [8, 3, 8]},
			"faces": {
				"north": {"uv": [9, 8, 15, 15], "rotation": 180, "texture": "#0"},
				"south": {"uv": [9, 8, 15, 15], "rotation": 180, "texture": "#0"},
				"west": {"uv": [5, 9, 9, 14], "rotation": 180, "texture": "#0"}
			}
		},
		{
			"from": [6, 1, 6],
			"to": [10, 6, 10],
			"rotation": {"angle": 0, "axis": "y", "origin": [8, 3, 8]},
			"faces": {
				"north": {"uv": [0, 3, 6, 8], "texture": "#1"},
				"east": {"uv": [0, 3, 6, 8], "texture": "#1"},
				"south": {"uv": [0, 3, 6, 8], "texture": "#1"},
				"west": {"uv": [0, 3, 6, 8], "texture": "#1"},
				"up": {"uv": [7, 6, 11, 10], "texture": "#1"},
				"down": {"uv": [6, 4, 10, 8], "texture": "#1"}
			}
		},
		{
			"from": [5.5, 1, 10],
			"to": [6, 6, 10.5],
			"rotation": {"angle": 0, "axis": "y", "origin": [8, 3, 8]},
			"faces": {
				"north": {"uv": [0, 8, 0.5, 13], "texture": "#1"},
				"east": {"uv": [0, 8, 0.5, 13], "texture": "#1"},
				"south": {"uv": [0, 8, 0.5, 13], "texture": "#1"},
				"west": {"uv": [0, 8, 0.5, 13], "texture": "#1"},
				"up": {"uv": [0, 9, 0.5, 9.5], "texture": "#1"},
				"down": {"uv": [1, 9, 1.5, 9.5], "texture": "#1"}
			}
		},
		{
			"from": [10, 1, 10],
			"to": [10.5, 6, 10.5],
			"rotation": {"angle": 0, "axis": "y", "origin": [8, 3, 8]},
			"faces": {
				"north": {"uv": [0, 8, 0.5, 13], "texture": "#1"},
				"east": {"uv": [0, 8, 0.5, 13], "texture": "#1"},
				"south": {"uv": [0, 8, 0.5, 13], "texture": "#1"},
				"west": {"uv": [0, 8, 0.5, 13], "texture": "#1"},
				"up": {"uv": [0, 9, 0.5, 9.5], "texture": "#1"},
				"down": {"uv": [1, 9, 1.5, 9.5], "texture": "#1"}
			}
		},
		{
			"from": [5.5, 1, 5.5],
			"to": [6, 6, 6],
			"rotation": {"angle": 0, "axis": "y", "origin": [8, 3, 8]},
			"faces": {
				"north": {"uv": [0, 8, 0.5, 13], "texture": "#1"},
				"east": {"uv": [0, 8, 0.5, 13], "texture": "#1"},
				"south": {"uv": [0, 8, 0.5, 13], "texture": "#1"},
				"west": {"uv": [0, 8, 0.5, 13], "texture": "#1"},
				"up": {"uv": [0, 9, 0.5, 9.5], "texture": "#1"},
				"down": {"uv": [1, 9, 1.5, 9.5], "texture": "#1"}
			}
		},
		{
			"from": [10, 1, 5.5],
			"to": [10.5, 6, 6],
			"rotation": {"angle": 0, "axis": "y", "origin": [8, 3, 8]},
			"faces": {
				"north": {"uv": [0, 8, 0.5, 13], "texture": "#1"},
				"east": {"uv": [0, 8, 0.5, 13], "texture": "#1"},
				"south": {"uv": [0, 8, 0.5, 13], "texture": "#1"},
				"west": {"uv": [0, 8, 0.5, 13], "texture": "#1"},
				"up": {"uv": [0, 9, 0.5, 9.5], "texture": "#1"},
				"down": {"uv": [1, 9, 1.5, 9.5], "texture": "#1"}
			}
		},
		{
			"from": [6, 7, 6],
			"to": [10, 8, 10],
			"rotation": {"angle": 0, "axis": "y", "origin": [8, 3, 8]},
			"faces": {
				"north": {"uv": [1, 0, 5, 1], "texture": "#1"},
				"east": {"uv": [1, 0, 5, 1], "texture": "#1"},
				"south": {"uv": [1, 0, 5, 1], "texture": "#1"},
				"west": {"uv": [1, 0, 5, 1], "texture": "#1"},
				"up": {"uv": [5, 14, 1, 10], "texture": "#1"},
				"down": {"uv": [0, 0, 0, 0], "texture": "#1"}
			}
		},
		{
			"from": [5, 6, 5],
			"to": [11, 7, 11],
			"rotation": {"angle": 0, "axis": "y", "origin": [8, 3, 8]},
			"faces": {
				"north": {"uv": [0, 14, 6, 15], "texture": "#1"},
				"east": {"uv": [0, 14, 6, 15], "texture": "#1"},
				"south": {"uv": [0, 14, 6, 15], "texture": "#1"},
				"west": {"uv": [0, 14, 6, 15], "texture": "#1"},
				"up": {"uv": [6, 15, 0, 9], "texture": "#1"},
				"down": {"uv": [6, 9, 0, 15], "texture": "#1"}
			}
		},
		{
			"from": [5, 0, 5],
			"to": [11, 1, 11],
			"rotation": {"angle": 0, "axis": "y", "origin": [8, 3, 8]},
			"faces": {
				"north": {"uv": [0, 8, 6, 9], "texture": "#1"},
				"east": {"uv": [0, 8, 6, 9], "texture": "#1"},
				"south": {"uv": [0, 8, 6, 9], "texture": "#1"},
				"west": {"uv": [0, 8, 6, 9], "texture": "#1"},
				"up": {"uv": [0, 9, 6, 15], "texture": "#1"},
				"down": {"uv": [0, 9, 6, 15], "texture": "#1"}
			}
		}
	],
	"display": {
		"thirdperson_righthand": {
			"rotation": [44.75, 0, 0]
		},
		"thirdperson_lefthand": {
			"rotation": [50.75, 0, 0]
		},
		"firstperson_righthand": {
			"translation": [2.75, 5.25, 0]
		},
		"firstperson_lefthand": {
			"translation": [2, 5.5, 0]
		},
		"ground": {
			"rotation": [0, 0, 16.5],
			"translation": [0, 6, 0]
		},
		"gui": {
			"rotation": [16.5, 59.25, 0],
			"translation": [0, 5.75, 0],
			"scale": [1.32813, 1.32813, 1.32813]
		},
		"fixed": {
			"translation": [0, 6, 0],
			"scale": [1.46094, 1.46094, 1.46094]
		}
	},
	"groups": [0, 1, 2,
		{
			"name": "group",
			"origin": [8, 3, 8],
			"children": [3, 4, 5, 6, 7, 8, 9]
		}
	]
}