{
	"format_version": "1.8.0",
	"animations": {
		"idle": {
			"loop": true,
			"animation_length": 2,
			"bones": {
				"torso": {
					"rotation": {
						"0.0": [0, 0, 0],
						"0.5": [0, 0, 5],
						"1.0": [0, 0, 0],
						"1.5": [0, 0, -5],
						"2.0": [0, 0, 0]
					},
					"position": {
						"0.0": [0, 0, 0],
						"0.5": [0.35, -0.5, 0],
						"1.0": [0, 0, 0],
						"1.5": [-0.35, -0.5, 0],
						"2.0": [0, 0, 0]
					}
				},
				"h_head": {
					"rotation": {
						"0.0": [0, 0, -5],
						"0.5": [0, 0, 0],
						"1.0": [0, 0, 5],
						"1.5": [0, 0, 0],
						"2.0": [0, 0, -5]
					}
				},
				"rightArm": {
					"rotation": {
						"0.0": [0, 0, 10],
						"0.5": [0, 0, -5],
						"1.0": [0, 0, 0],
						"1.5": [0, 0, 5],
						"2.0": [0, 0, 10]
					}
				},
				"leftArm": {
					"rotation": {
						"0.0": [0, 0, 0],
						"0.5": [0, 0, -5],
						"1.0": [0, 0, -10],
						"1.5": [0, 0, 5],
						"2.0": [0, 0, 0]
					}
				},
				"leftLeg": {
					"rotation": {
						"0.0": [0, 0, 0],
						"0.5": [0, 0, -5],
						"1.0": [0, 0, 0],
						"1.5": [0, 0, 5],
						"2.0": [0, 0, 0]
					},
					"position": {
						"0.0": [0, 0, 0],
						"0.5": [0, 0.5, 0],
						"1.0": [0, 0, 0],
						"1.5": [0, 0.5, 0],
						"2.0": [0, 0, 0]
					}
				},
				"rightLeg": {
					"rotation": {
						"0.0": [0, 0, 0],
						"0.5": [0, 0, -5],
						"1.0": [0, 0, 0],
						"1.5": [0, 0, 5],
						"2.0": [0, 0, 0]
					},
					"position": {
						"0.0": [0, 0, 0],
						"0.5": [0, 0.5, 0],
						"1.0": [0, 0, 0],
						"1.5": [0, 0.5, 0],
						"2.0": [0, 0, 0]
					}
				}
			}
		},
		"walk": {
			"loop": true,
			"animation_length": 2,
			"bones": {
				"torso": {
					"rotation": {
						"0.0": [-5, 0, 0],
						"0.5": [-5, 0, 5],
						"1.0": [-5, 0, 0],
						"1.5": [-5, 0, -5],
						"2.0": [-5, 0, 0]
					},
					"position": {
						"0.0": [0, 0, 0],
						"0.5": [0.35, -0.5, 0],
						"1.0": [0, 0, 0],
						"1.5": [-0.35, -0.5, 0],
						"2.0": [0, 0, 0]
					}
				},
				"h_head": {
					"rotation": {
						"0.0": [5, 0, -5],
						"0.5": [5, 0, 0],
						"1.0": [5, 0, 5],
						"1.5": [5, 0, 0],
						"2.0": [5, 0, -5]
					}
				},
				"rightArm": {
					"rotation": {
						"0.0": [5, 0, 10],
						"0.5": [5, 0, -5],
						"1.0": [5, 0, 0],
						"1.5": [5, 0, 5],
						"2.0": [5, 0, 10]
					}
				},
				"leftArm": {
					"rotation": {
						"0.0": [5, 0, 0],
						"0.5": [5, 0, -5],
						"1.0": [5, 0, -10],
						"1.5": [5, 0, 5],
						"2.0": [5, 0, 0]
					}
				},
				"leftLeg": {
					"rotation": {
						"0.0": [5, 0, 0],
						"0.5": [5, 0, -5],
						"1.0": [5, 0, 0],
						"1.5": [5, 0, 5],
						"2.0": [5, 0, 0]
					},
					"position": {
						"0.0": [0, 1, 0],
						"0.5": [0, 0.5, -1],
						"1.0": [0, 0, 0],
						"1.5": [0, 0.5, 1],
						"2.0": [0, 1, 0]
					}
				},
				"rightLeg": {
					"rotation": {
						"0.0": [5, 0, 0],
						"0.5": [5, 0, -5],
						"1.0": [5, 0, 0],
						"1.5": [5, 0, 5],
						"2.0": [5, 0, 0]
					},
					"position": {
						"0.0": [0, 0, 0],
						"0.5": [0, 0.5, 1],
						"1.0": [0, 1, 0],
						"1.5": [0, 0.5, -1],
						"2.0": [0, 0, 0]
					}
				}
			}
		},
		"attack": {
			"animation_length": 3,
			"override_previous_animation": true,
			"bones": {
				"torso": {
					"rotation": {
						"0.65": [0, 0, 0],
						"0.95": [0, -40, 0],
						"1.5": [0, -40, 0],
						"2.05": [0, -40, 0],
						"2.35": [0, 0, 0]
					},
					"position": {
						"0.65": [0, 0, 0],
						"0.95": [0.45, 0, -0.95],
						"1.5": [0.45, 0, -0.95],
						"2.05": [0.45, 0, -0.95],
						"2.35": [0, 0, 0]
					}
				},
				"h_head": {
					"rotation": {
						"0.65": [0, 0, 0],
						"0.95": [5, 10, 0],
						"1.5": [5, 10, 0],
						"2.05": [5, 10, 0],
						"2.35": [0, 0, 0]
					}
				},
				"rightArm": {
					"rotation": {
						"0.0": [0, 0, 0],
						"0.4": [0, 0, 95],
						"0.45": [0, 0, 85],
						"0.5": [0, 0, 95],
						"0.55": [0, 0, 90],
						"0.8": [0, 0, 90],
						"1.1": [-60, 0, 90],
						"1.15": [-55, 0, 90],
						"1.2": [-60, 0, 90],
						"1.25": [-55, 0, 90],
						"1.5": [-55, 0, 90],
						"2.2": [0, 0, 90],
						"2.5": [0, 0, 90],
						"3.0": [0, 0, 0]
					}
				},
				"leftArm": {
					"rotation": {
						"0.65": [0, 0, 0],
						"0.95": [0, 0, -10],
						"1.5": [0, 0, -10],
						"2.05": [0, 0, -10],
						"2.35": [0, 0, 0]
					}
				},
				"leftLeg": {
					"rotation": {
						"0.0": [0, 0, 0],
						"0.65": [0, -40, 0],
						"0.95": [0, 0, 0],
						"1.5": [0, 0, 0],
						"2.05": [0, 0, 0],
						"2.35": [0, -40, 0],
						"3.0": [0, 0, 0]
					}
				},
				"rightLeg": {
					"position": {
						"0.5": [0, 0, 0],
						"0.65": [0, 1, -1],
						"0.8": [0, 1, -1],
						"0.95": [0, 0, -1],
						"1.5": [0, 0, -1],
						"2.05": [0, 0, -1],
						"2.2": [0, 1, -1],
						"2.35": [0, 1, -1],
						"2.5": [0, 0, 0]
					}
				}
			}
		}
	}
}